x,y,z,size
2.949949,3.717316,20.75792,0.01
2.949949,3.717316,20.75792,0.01
2.949949,3.717316,20.75792,0.01
2.605522,3.946245,20.75792,0.01
2.605522,3.946245,20.75792,0.01
2.605522,3.946245,20.75792,0.01
2.605522,3.946245,20.75792,0.01
2.192148,3.805416,20.75792,0.01
2.192148,3.805416,20.75792,0.01
2.192148,3.805416,20.75792,0.01
-1.18687,-1.259149,20.75792,0.01
-1.18687,-1.259149,20.75792,0.01
-1.18687,-1.259149,20.75792,0.01
-1.18687,-1.259149,20.75792,0.01
-1.172865,-1.343297,20.75792,0.01
-1.172865,-1.343297,20.75792,0.01
-1.172865,-1.343297,20.75792,0.01
-0.4671511,-0.1299751,20.75792,0.01
-0.4671511,-0.1299751,20.75792,0.01
-0.4671511,-0.1299751,20.75792,0.01
-0.158046,0.224771,20.75792,0.01
-0.158046,0.224771,20.75792,0.01
-0.158046,0.224771,20.75792,0.01
-0.03286363,0.2914555,20.75792,0.01
-0.03286363,0.2914555,20.75792,0.01
-0.03286363,0.2914555,20.75792,0.01
-0.03286363,0.2914555,20.75792,0.01
-0.04771439,0.4698078,20.75792,0.01
-0.04771439,0.4698078,20.75792,0.01
-0.04771439,0.4698078,20.75792,0.01
-0.05423555,0.4775047,20.75792,0.01
-0.05423555,0.4775047,20.75792,0.01
-0.05584263,0.4745132,20.75792,0.01
-0.134518,0.4243324,20.75792,0.01
-0.134518,0.4243324,20.75792,0.01
-0.134518,0.4243324,20.75792,0.01
-0.134518,0.4243324,20.75792,0.01
-0.1823951,0.3540855,20.75792,0.01
-0.1823951,0.3540855,20.75792,0.01
-0.1823951,0.3540855,20.75792,0.01
-0.2704432,0.2833499,20.75792,0.01
-0.2704432,0.2833499,20.75792,0.01
-0.2704432,0.2833499,20.75792,0.01
-0.0526244,0.4752232,20.75792,0.01
-0.0526244,0.4752232,20.75792,0.01
-0.0526244,0.4752232,20.75792,0.01
0.009095788,0.626682,20.75792,0.01
0.009095788,0.626682,20.75792,0.01
0.009095788,0.626682,20.75792,0.01
0.009095788,0.626682,20.75792,0.01
0.05369128,0.7422568,20.75792,0.01
0.05369128,0.7422568,20.75792,0.01
0.05369128,0.7422568,20.75792,0.01
-0.0153923,0.728741,20.75792,0.01
-0.0153923,0.728741,20.75792,0.01
-0.0153923,0.728741,20.75792,0.01
-0.2029228,0.6659296,20.75792,0.01
-0.2029228,0.6659296,20.75792,0.01
-0.2029228,0.6659296,20.75792,0.01
-0.2029228,0.6659296,20.75792,0.01
-1.18269,0.4723414,20.75792,0.01
-1.18269,0.4723414,20.75792,0.01
-1.18269,0.4723414,20.75792,0.01
-1.285328,0.2923638,20.75792,0.01
-1.285328,0.2923638,20.75792,0.01
-1.285328,0.2923638,20.75792,0.01
-1.207523,-0.4224125,20.75792,0.01
-1.207523,-0.4224125,20.75792,0.01
-1.207523,-0.4224125,20.75792,0.01
-1.207523,-0.4224125,20.75792,0.01
-1.072964,-0.698429,20.75792,0.01
-1.072964,-0.698429,20.75792,0.01
-1.072964,-0.698429,20.75792,0.01
0.06776129,0.4625978,20.75792,0.01
0.06776129,0.4625978,20.75792,0.01
0.06776129,0.4625978,20.75792,0.01
0.004194126,0.4749296,20.75792,0.01
0.004194126,0.4749296,20.75792,0.01
0.004194126,0.4749296,20.75792,0.01
0.004194126,0.4749296,20.75792,0.01
-0.004285023,0.4420906,20.75792,0.01
-0.004285023,0.4420906,20.75792,0.01
-0.004285023,0.4420906,20.75792,0.01
-1.067985,0.3707564,20.75792,0.01
-1.067985,0.3707564,20.75792,0.01
-1.067985,0.3707564,20.75792,0.01
-1.080162,-0.943993,20.75792,0.01
-1.080162,-0.943993,20.75792,0.01
-1.080162,-0.943993,20.75792,0.01
-1.080162,-0.943993,20.75792,0.01
-1.319317,-0.6601946,20.75792,0.01
-1.319317,-0.6601946,20.75792,0.01
-1.319317,-0.6601946,20.75792,0.01
-0.9460748,-0.1615982,20.75792,0.01
-0.9460748,-0.1615982,20.75792,0.01
-0.9460748,-0.1615982,20.75792,0.01
-0.9743019,-0.1011419,20.75792,0.01
-0.9743019,-0.1011419,20.75792,0.01
-0.9743019,-0.1011419,20.75792,0.01
-0.9743019,-0.1011419,20.75792,0.01
-1.121916,0.2762548,20.75792,0.01
-1.121916,0.2762548,20.75792,0.01
-1.121916,0.2762548,20.75792,0.01
0.235873,0.5392388,20.75792,0.01
0.235873,0.5392388,20.75792,0.01
0.235873,0.5392388,20.75792,0.01
0.07783513,-0.7237351,20.75792,0.01
0.5153042,-0.4133272,20.75792,0.01
0.5153042,-0.4133272,20.75792,0.01
0.8382033,-0.7964622,20.75792,0.01
0.8382033,-0.7964622,20.75792,0.01
0.8382033,-0.7964622,20.75792,0.01
1.036941,-0.3101846,20.75792,0.01
1.036941,-0.3101846,20.75792,0.01
1.036941,-0.3101846,20.75792,0.01
0.6711642,-0.533933,20.75792,0.01
0.6711642,-0.533933,20.75792,0.01
0.6711642,-0.533933,20.75792,0.01
0.5030605,-0.6131165,20.75792,0.01
0.5030605,-0.6131165,20.75792,0.01
0.5030605,-0.6131165,20.75792,0.01
0.4912961,-0.5047321,20.75792,0.01
0.4912961,-0.5047321,20.75792,0.01
0.4912961,-0.5047321,20.75792,0.01
0.5108716,-0.4569191,20.75792,0.01
0.5108716,-0.4569191,20.75792,0.01
0.5108716,-0.4569191,20.75792,0.01
0.8399935,1.531893,20.75792,0.01
0.8513154,1.545339,20.75792,0.01
0.8513154,1.545339,20.75792,0.01
0.9626818,1.573801,20.75792,0.01
0.9626818,1.573801,20.75792,0.01
0.9626818,1.573801,20.75792,0.01
0.9655622,1.601576,20.75792,0.01
0.9655622,1.601576,20.75792,0.01
0.9655622,1.601576,20.75792,0.01
1.078436,2.606542,20.75792,0.01
1.096681,2.90108,20.75792,0.01
1.093316,3.010138,20.75792,0.01
1.07335,3.054182,20.75792,0.01
1.04423,3.093704,20.75792,0.01
1.027106,3.09278,20.75792,0.01
0.9908991,3.108608,20.75792,0.01
0.9495658,3.111511,20.75792,0.01
0.9559252,3.098317,20.75792,0.01
0.9658706,3.079325,20.75792,0.01
1.001368,3.125268,20.75792,0.01
1.056307,3.16132,20.75792,0.01
1.095488,3.1773,20.75792,0.01
1.136192,3.167658,20.75792,0.01
1.175718,3.172956,20.75792,0.01
1.197137,3.175544,20.75792,0.01
1.2131,3.158564,20.75792,0.01
1.232382,3.164567,20.75792,0.01
1.237468,3.181039,20.75792,0.01
1.259625,3.246192,20.75792,0.01
1.2363,3.228029,20.75792,0.01
1.239701,3.255594,20.75792,0.01
1.252463,3.289715,20.75792,0.01
1.276643,3.304053,20.75792,0.01
1.284891,3.282373,20.75792,0.01
1.266073,3.183913,20.75792,0.01
1.281616,3.190553,20.75792,0.01
1.145969,0.8858109,20.75792,0.01
0.8888313,-1.591216,20.75792,0.01
1.194798,1.054727,20.75792,0.01
1.253457,1.317668,20.75792,0.01
1.278194,1.341828,20.75792,0.01
1.287943,1.346306,20.75792,0.01
1.294955,1.3484,20.75792,0.01
1.299649,1.361475,20.75792,0.01
1.303495,1.399471,20.75792,0.01
1.30931,1.421163,20.75792,0.01
1.34,1.818834,20.75792,0.01
1.44284,3.18211,20.75792,0.01
1.457246,3.444909,20.75792,0.01
1.456086,3.526012,20.75792,0.01
1.426957,3.592742,20.75792,0.01
1.410085,3.611201,20.75792,0.01
1.395609,3.611874,20.75792,0.01
1.393585,3.623357,20.75792,0.01
1.392093,3.663511,20.75792,0.01
1.402829,3.714664,20.75792,0.01
1.436124,3.704655,20.75792,0.01
1.461964,3.651021,20.75792,0.01
1.475436,3.599177,20.75792,0.01
1.482895,3.554974,20.75792,0.01
1.488991,3.524124,20.75792,0.01
1.503013,3.454813,20.75792,0.01
1.49946,3.42,20.75792,0.01
1.495353,3.408596,20.75792,0.01
1.47781,3.402024,20.75792,0.01
1.456445,3.413876,20.75792,0.01
1.433102,3.421595,20.75792,0.01
1.419712,3.423448,20.75792,0.01
1.402842,3.405465,20.75792,0.01
1.388318,3.386389,20.75792,0.01
1.382994,3.379121,20.75792,0.01
1.379826,3.387767,20.75792,0.01
1.042672,2.509224,20.75792,0.01
0.4892761,-1.702852,20.75792,0.01
0.4549251,-2.14671,20.75792,0.01
0.4511105,-2.218408,20.75792,0.01
0.4465183,-2.247759,20.75792,0.01
0.4374215,-2.250029,20.75792,0.01
0.420742,-2.257618,20.75792,0.01
0.4210382,-2.274702,20.75792,0.01
0.4198969,-2.26995,20.75792,0.01
0.4202488,-2.264967,20.75792,0.01
0.4230033,-2.253606,20.75792,0.01
0.4289519,-2.239734,20.75792,0.01
0.4333811,-2.219262,20.75792,0.01
0.4197844,-2.203292,20.75792,0.01
1.015566,-1.202476,20.75792,0.01
1.626396,-0.05042845,20.75792,0.01
1.750013,0.06505764,20.75792,0.01
1.793969,0.1067839,20.75792,0.01
1.806287,0.1391439,20.75792,0.01
1.806402,0.1577064,20.75792,0.01
1.80888,0.1554781,20.75792,0.01
1.813327,0.1419113,20.75792,0.01
1.822068,0.1274332,20.75792,0.01
1.823404,0.1200005,20.75792,0.01
1.82433,0.1193893,20.75792,0.01
1.82452,0.1219179,20.75792,0.01
1.815648,0.12317,20.75792,0.01
1.809118,0.1208237,20.75792,0.01
1.819217,0.135598,20.75792,0.01
1.810744,0.1382899,20.75792,0.01
1.810445,0.1337271,20.75792,0.01
1.801637,0.1364677,20.75792,0.01
1.791842,0.1297562,20.75792,0.01
1.79071,0.1107775,20.75792,0.01
1.786947,0.08616516,20.75792,0.01
1.794107,0.07939067,20.75792,0.01
1.567268,-0.1032456,20.75792,0.01
0.4819153,-3.52475,20.75792,0.01
-4.384295,-3.779947,20.75792,0.01
-4.517567,-3.711049,20.75792,0.01
-4.630104,-3.680097,20.75792,0.01
-4.764455,-3.64867,20.75792,0.01
-4.853915,-3.639552,20.75792,0.01
-4.875251,-3.603863,20.75792,0.01
-4.8248,-3.573969,20.75792,0.01
-4.849273,-3.545903,20.75792,0.01
-4.884975,-3.515184,20.75792,0.01
-4.882262,-3.460825,20.75792,0.01
-4.930322,-3.419616,20.75792,0.01
-4.970844,-3.405224,20.75792,0.01
-4.990714,-3.409099,20.75792,0.01
-5.139605,-3.405708,20.75792,0.01
-5.252452,-3.379511,20.75792,0.01
-5.217278,-3.35112,20.75792,0.01
-5.500393,-3.259434,20.75792,0.01
-6.607348,-2.640557,20.75792,0.01
-7.374325,-2.223027,20.75792,0.01
-7.499489,-2.08748,20.75792,0.01
-7.528022,-2.076486,20.75792,0.01
-7.523155,-2.071867,20.75792,0.01
-7.47977,-2.071048,20.75792,0.01
-7.432305,-2.073946,20.75792,0.01
-7.36266,-2.072263,20.75792,0.01
-7.321115,-2.080447,20.75792,0.01
-7.290106,-2.071077,20.75792,0.01
-7.235432,-2.068351,20.75792,0.01
-7.188559,-2.074332,20.75792,0.01
-7.13178,-2.080293,20.75792,0.01
-7.069937,-2.078987,20.75792,0.01
-7.026148,-2.071658,20.75792,0.01
-6.988419,-2.078423,20.75792,0.01
-6.790568,-2.095282,20.75792,0.01
-3.733741,-2.164052,20.75792,0.01
-1.416151,-2.186173,20.75792,0.01
-1.090459,-2.205621,20.75792,0.01
-1.044263,-2.20896,20.75792,0.01
-1.036686,-2.218343,20.75792,0.01
-1.005322,-2.206984,20.75792,0.01
-0.968254,-2.190887,20.75792,0.01
-0.9144845,-2.175375,20.75792,0.01
-0.8507072,-2.150159,20.75792,0.01
-0.8193674,-2.134736,20.75792,0.01
-0.7673583,-2.140618,20.75792,0.01
-0.5815272,-2.091307,20.75792,0.01
2.252707,-0.8581958,20.75792,0.01
2.750494,-0.5143735,20.75792,0.01
2.858981,-0.4004318,20.75792,0.01
2.918217,-0.3715535,20.75792,0.01
3.053207,-0.3383346,20.75792,0.01
3.129653,-0.3178957,20.75792,0.01
3.041928,-0.2884601,20.75792,0.01
3.029758,-0.2650859,20.75792,0.01
3.067492,-0.2410098,20.75792,0.01
3.047346,-0.2062459,20.75792,0.01
3.080591,-0.2033655,20.75792,0.01
3.088839,-0.2083443,20.75792,0.01
2.976156,-0.2119231,20.75792,0.01
2.993308,-0.2269631,20.75792,0.01
2.88483,-0.2288603,20.75792,0.01
2.882738,-0.2365045,20.75792,0.01
2.903441,-0.2242742,20.75792,0.01
2.815339,-0.2125285,20.75792,0.01
2.819595,-0.1942665,20.75792,0.01
2.904585,-0.1887811,20.75792,0.01
2.960118,-0.187515,20.75792,0.01
4.02849,0.02102786,20.75792,0.01
5.837362,0.390732,20.75791,0.01
6.324291,0.5944019,20.75791,0.01
6.427525,0.6986379,20.75791,0.01
6.490801,0.740504,20.75791,0.01
6.510623,0.7626925,20.75791,0.01
6.355965,0.8147829,20.75791,0.01
6.258228,0.8537952,20.75791,0.01
6.177643,0.8945128,20.75791,0.01
6.106304,0.9553927,20.75791,0.01
6.087348,0.9885228,20.75791,0.01
6.067422,1.028461,20.75791,0.01
6.032645,1.047012,20.75791,0.01
6.016204,1.071931,20.75791,0.01
5.8158,0.9678037,20.75791,0.01
2.730305,0.07798952,20.75792,0.01
1.603914,-0.3876855,20.75792,0.01
1.310489,-0.5387886,20.75792,0.01
1.107341,-0.6978183,20.75792,0.01
0.9313467,-0.8268982,20.75792,0.01
0.7055218,-0.9462461,20.75792,0.01
0.04478437,-0.1716233,20.75792,0.01
-0.6040959,1.318653,20.75792,0.01
-0.8159837,1.5676,20.75792,0.01
-0.9416838,1.646345,20.75792,0.01
-0.9150554,1.6799,20.75792,0.01
-0.8050306,1.671878,20.75792,0.01
-0.6964256,1.688734,20.75792,0.01
-0.5773672,1.698328,20.75792,0.01
-0.4839917,1.660913,20.75792,0.01
-0.4049267,1.654012,20.75792,0.01
-0.3005532,1.653757,20.75792,0.01
-0.2648253,1.642207,20.75792,0.01
-0.2317398,1.635088,20.75792,0.01
-0.2087533,1.646737,20.75792,0.01
-0.2181784,1.662882,20.75792,0.01
-0.2303192,1.711226,20.75792,0.01
-0.2592476,1.778459,20.75792,0.01
-0.2900249,1.793829,20.75792,0.01
-0.3339697,1.811737,20.75792,0.01
-0.3488745,1.804815,20.75792,0.01
-0.3408936,1.788586,20.75792,0.01
-0.3316289,1.773821,20.75792,0.01
-0.314832,1.776443,20.75792,0.01
-0.2940284,1.786306,20.75792,0.01
-0.2710397,1.790531,20.75792,0.01
-0.2588007,1.79403,20.75792,0.01
-0.2448643,1.782826,20.75792,0.01
-0.2338007,1.770037,20.75792,0.01
0.5554496,1.310722,20.75792,0.01
1.082889,0.7960778,20.75792,0.01
1.223648,0.6346393,20.75792,0.01
1.315535,0.5806152,20.75792,0.01
1.326634,0.5602215,20.75792,0.01
1.341872,0.5405606,20.75792,0.01
1.335061,0.5258462,20.75792,0.01
1.340247,0.5134207,20.75792,0.01
1.365542,0.4990024,20.75792,0.01
1.388632,0.4971938,20.75792,0.01
1.397694,0.5143881,20.75792,0.01
1.393571,0.5233916,20.75792,0.01
1.380888,0.5451168,20.75792,0.01
1.382337,0.5528706,20.75792,0.01
1.392311,0.5577267,20.75792,0.01
1.411417,0.5591831,20.75792,0.01
1.450937,0.5624308,20.75792,0.01
1.473984,0.5645596,20.75792,0.01
1.480224,0.6180817,20.75792,0.01
1.536556,2.364161,20.75792,0.01
1.546439,2.762909,20.75792,0.01
1.531901,2.863113,20.75792,0.01
1.516102,2.907516,20.75792,0.01
1.496237,2.914781,20.75792,0.01
1.470834,2.916648,20.75792,0.01
1.45908,2.913966,20.75792,0.01
1.456476,2.91938,20.75792,0.01
1.465633,2.937222,20.75792,0.01
1.489279,3.015295,20.75792,0.01
1.518685,3.275477,20.75792,0.01
1.535201,3.475992,20.75792,0.01
1.542205,3.519384,20.75792,0.01
1.547015,3.538657,20.75792,0.01
1.539006,3.526963,20.75792,0.01
1.541607,3.535651,20.75792,0.01
1.552232,3.544488,20.75792,0.01
1.551312,3.53203,20.75792,0.01
-2.451963,-0.900022,20.75792,0.01
0.2186479,0.8690956,20.75792,0.01
0.9450914,1.689556,20.75792,0.01
1.477477,2.460938,20.75792,0.01
1.553777,2.614196,20.75792,0.01
1.580795,2.666055,20.75792,0.01
1.565551,2.709284,20.75792,0.01
1.557513,2.725759,20.75792,0.01
1.553824,2.742776,20.75792,0.01
1.56728,2.760207,20.75792,0.01
1.577759,2.77352,20.75792,0.01
1.595183,2.779751,20.75792,0.01
1.596753,2.82027,20.75792,0.01
1.599735,3.180104,20.75792,0.01
1.594736,3.397231,20.75792,0.01
1.582722,3.494684,20.75792,0.01
1.564776,3.52611,20.75792,0.01
1.576751,3.531589,20.75792,0.01
1.576844,3.531106,20.75792,0.01
1.576195,3.536119,20.75792,0.01
1.571368,3.548169,20.75792,0.01
1.556626,3.56283,20.75792,0.01
1.545167,3.578189,20.75792,0.01
1.543932,3.582581,20.75792,0.01
1.549759,3.566941,20.75792,0.01
1.561839,3.55214,20.75792,0.01
1.568944,3.545528,20.75792,0.01
1.572346,3.547684,20.75792,0.01
1.573368,3.542735,20.75792,0.01
1.562712,3.530165,20.75792,0.01
1.529227,3.50974,20.75792,0.01
1.489905,3.490851,20.75792,0.01
1.466935,3.468566,20.75792,0.01
1.436338,3.439643,20.75792,0.01
1.427142,3.424661,20.75792,0.01
1.416733,3.414373,20.75792,0.01
1.418966,3.411026,20.75792,0.01
1.428566,3.416225,20.75792,0.01
1.424772,3.43628,20.75792,0.01
1.429301,3.481386,20.75792,0.01
1.433511,3.516472,20.75792,0.01
1.440202,3.53964,20.75792,0.01
1.441037,3.555106,20.75792,0.01
1.440036,3.570792,20.75792,0.01
1.430157,3.556916,20.75792,0.01
1.411015,3.537356,20.75792,0.01
1.399781,3.489994,20.75792,0.01
1.38841,3.395928,20.75792,0.01
1.367777,3.254793,20.75792,0.01
1.317167,3.195523,20.75792,0.01
1.309135,3.199259,20.75792,0.01
1.308337,3.221828,20.75792,0.01
1.317229,3.263258,20.75792,0.01
1.316723,3.312992,20.75792,0.01
1.28947,3.287754,20.75792,0.01
0.7854365,2.700509,20.75792,0.01
0.5544123,2.358733,20.75792,0.01
0.4858811,2.223073,20.75792,0.01
0.4621354,2.196775,20.75792,0.01
0.4446865,2.173945,20.75792,0.01
0.4426824,2.169544,20.75792,0.01
0.4423331,2.156145,20.75792,0.01
0.5112829,1.561689,20.75792,0.01
0.6413369,0.490971,20.75792,0.01
0.7033504,0.1140151,20.75792,0.01
0.7523877,0.0270009,20.75792,0.01
0.7790164,0.03317595,20.75792,0.01
0.8096802,0.04546237,20.75792,0.01
0.8203374,0.03562221,20.75792,0.01
0.8200948,0.03271016,20.75792,0.01
0.8239553,0.01967925,20.75792,0.01
0.8388434,-0.004348338,20.75792,0.01
0.8514985,-0.01310274,20.75792,0.01
0.8569376,-0.01993546,20.75792,0.01
0.858685,-0.01729676,20.75792,0.01
0.8404042,-0.006314516,20.75792,0.01
0.9071923,-0.3994209,20.75792,0.01
0.966309,-0.761346,20.75792,0.01
1.017307,-0.9738718,20.75792,0.01
1.048746,-1.072606,20.75792,0.01
1.078197,-1.101734,20.75792,0.01
1.101207,-1.086287,20.75792,0.01
1.102256,-1.048793,20.75792,0.01
1.102898,-1.005297,20.75792,0.01
1.109254,-0.9884191,20.75792,0.01
1.131415,-0.997462,20.75792,0.01
1.152704,-1.007197,20.75792,0.01
1.185723,-1.012959,20.75792,0.01
1.223698,-1.029342,20.75792,0.01
1.225632,-1.05917,20.75792,0.01
1.223346,-1.082703,20.75792,0.01
1.221249,-1.097735,20.75792,0.01
1.203523,-1.129484,20.75792,0.01
1.189912,-1.142828,20.75792,0.01
1.182996,-1.14686,20.75792,0.01
1.189429,-1.152422,20.75792,0.01
1.196097,-1.15224,20.75792,0.01
1.205952,-1.143671,20.75792,0.01
1.227808,-1.149678,20.75792,0.01
1.252019,-1.150167,20.75792,0.01
1.276682,-1.161563,20.75792,0.01
1.282346,-1.174288,20.75792,0.01
1.295735,-1.175206,20.75792,0.01
1.296058,-1.162773,20.75792,0.01
1.282054,-1.148496,20.75792,0.01
1.260226,-1.131618,20.75792,0.01
1.241882,-1.129226,20.75792,0.01
1.225985,-1.129188,20.75792,0.01
1.220057,-1.119138,20.75792,0.01
1.209015,-1.113638,20.75792,0.01
1.199757,-1.099224,20.75792,0.01
1.192286,-1.086031,20.75792,0.01
1.188196,-1.099684,20.75792,0.01
1.207176,-1.120102,20.75792,0.01
1.222435,-1.108485,20.75792,0.01
1.223412,-1.094669,20.75792,0.01
1.21511,-1.081868,20.75792,0.01
1.207576,-1.067659,20.75792,0.01
1.202228,-1.051572,20.75792,0.01
1.19528,-1.058448,20.75792,0.01
1.201804,-1.062285,20.75792,0.01
1.209596,-1.082021,20.75792,0.01
1.227178,-1.098153,20.75792,0.01
1.240669,-1.120168,20.75792,0.01
1.254132,-1.1308,20.75792,0.01
1.258373,-1.144279,20.75792,0.01
1.252595,-1.148373,20.75792,0.01
1.245583,-1.147715,20.75792,0.01
1.219583,-1.14204,20.75792,0.01
1.191229,-1.130141,20.75792,0.01
1.166934,-1.110338,20.75792,0.01
1.150931,-1.088905,20.75792,0.01
1.148379,-1.081284,20.75792,0.01
1.147249,-1.08286,20.75792,0.01
1.160115,-1.095693,20.75792,0.01
1.177331,-1.105228,20.75792,0.01
1.197605,-1.11147,20.75792,0.01
1.215813,-1.097646,20.75792,0.01
1.126997,-0.7442092,20.75792,0.01
0.9817731,-0.2679883,20.75792,0.01
0.9335217,-0.1129051,20.75792,0.01
0.8730643,0.1894893,20.75792,0.01
0.8240498,0.228008,20.75792,0.01
0.7637306,0.2463717,20.75792,0.01
0.7468473,0.2515608,20.75792,0.01
0.7393558,0.2564476,20.75792,0.01
0.7407088,0.2610806,20.75792,0.01
0.7507123,0.2681873,20.75792,0.01
0.7083125,0.5172176,20.75792,0.01
0.6416976,0.7420145,20.75792,0.01
0.5962106,0.8595532,20.75792,0.01
0.5912709,0.8949036,20.75792,0.01
0.7643216,1.782991,20.75792,0.01
1.22067,2.755038,20.75792,0.01
1.380377,2.872509,20.75792,0.01
1.491858,2.914098,20.75792,0.01
1.522043,2.979015,20.75792,0.01
1.51851,3.00759,20.75792,0.01
1.513982,3.020155,20.75792,0.01
1.519516,3.020373,20.75792,0.01
1.522662,3.003744,20.75792,0.01
1.538544,2.984697,20.75792,0.01
1.578367,3.174333,20.75792,0.01
1.59955,3.291904,20.75792,0.01
1.612495,3.363614,20.75792,0.01
1.606963,3.413695,20.75792,0.01
1.603302,3.441494,20.75792,0.01
1.595508,3.455997,20.75792,0.01
1.589325,3.495344,20.75792,0.01
1.597786,3.571088,20.75792,0.01
1.593163,3.613286,20.75792,0.01
1.599942,3.632547,20.75792,0.01
0.1836132,3.32063,20.75792,0.01
-2.315142,1.44968,20.75792,0.01
-2.809675,0.8185745,20.75792,0.01
-2.859498,0.7363901,20.75792,0.01
-2.875514,0.7146487,20.75792,0.01
-2.899733,0.7102402,20.75792,0.01
-2.913322,0.7219178,20.75792,0.01
-2.905788,0.7264348,20.75792,0.01
-2.907341,0.7154323,20.75792,0.01
-2.906191,0.7105553,20.75792,0.01
-2.894478,0.7089934,20.75792,0.01
-2.901527,0.7079798,20.75792,0.01
-2.917587,0.7145225,20.75792,0.01
-2.925231,0.712884,20.75792,0.01
-2.931282,0.704452,20.75792,0.01
-2.934758,0.6907641,20.75792,0.01
-2.923316,0.6829419,20.75792,0.01
-2.919338,0.6775264,20.75792,0.01
-2.919129,0.6849337,20.75792,0.01
-2.928868,0.6986187,20.75792,0.01
-2.93637,0.7093371,20.75792,0.01
-2.944494,0.7159815,20.75792,0.01
-2.938918,0.7156919,20.75792,0.01
-2.930799,0.7127911,20.75792,0.01
-2.934658,0.7074152,20.75792,0.01
-2.932879,0.7134927,20.75792,0.01
-2.930147,0.7027212,20.75792,0.01
-2.934677,0.6921239,20.75792,0.01
-2.938862,0.6820744,20.75792,0.01
-2.945522,0.6732159,20.75792,0.01
-2.956189,0.6649616,20.75792,0.01
-2.970682,0.6580201,20.75792,0.01
-2.988166,0.6561025,20.75792,0.01
-3.001452,0.6471123,20.75792,0.01
-3.013052,0.6358649,20.75792,0.01
-3.022526,0.6317648,20.75792,0.01
-3.019989,0.6303982,20.75792,0.01
-3.030387,0.5922991,20.75792,0.01
-3.052105,-0.2173687,20.75792,0.01
-3.016575,-0.7917668,20.75792,0.01
-2.972158,-0.9216451,20.75792,0.01
-2.931374,-0.9907495,20.75792,0.01
-2.903866,-1.03,20.75792,0.01
-2.899047,-1.020931,20.75792,0.01
-2.89811,-1.018657,20.75792,0.01
-2.910522,-1.00832,20.75792,0.01
-2.910862,-1.015335,20.75792,0.01
-2.90547,-1.019636,20.75792,0.01
-2.901906,-1.026084,20.75792,0.01
-2.89969,-1.031736,20.75792,0.01
-2.905267,-1.035263,20.75792,0.01
-2.910088,-1.059452,20.75792,0.01
-2.903515,-1.185625,20.75792,0.01
-2.890704,-1.279597,20.75792,0.01
-2.884228,-1.368462,20.75792,0.01
-2.886424,-1.403586,20.75792,0.01
-2.883872,-1.419854,20.75792,0.01
-2.891294,-1.428442,20.75792,0.01
-2.901191,-1.426389,20.75792,0.01
-2.907958,-1.422712,20.75792,0.01
-2.903225,-1.420442,20.75792,0.01
-2.895729,-1.428801,20.75792,0.01
-2.893277,-1.432506,20.75792,0.01
-2.887824,-1.4346,20.75792,0.01
-2.901506,-1.4931,20.75792,0.01
-2.90996,-1.532349,20.75792,0.01
-2.912107,-1.557731,20.75792,0.01
-2.927547,-1.566989,20.75792,0.01
-2.947889,-1.581949,20.75792,0.01
-2.946182,-1.584461,20.75792,0.01
-2.941212,-1.578261,20.75792,0.01
-2.932703,-1.562268,20.75792,0.01
-2.917595,-1.557617,20.75792,0.01
-2.852807,-1.625095,20.75792,0.01
-2.016492,-2.565606,20.75792,0.01
-1.778719,-2.875764,20.75792,0.01
-1.683486,-3.002821,20.75792,0.01
-1.660142,-3.038783,20.75792,0.01
-1.648129,-3.047927,20.75792,0.01
-1.630197,-3.061831,20.75792,0.01
-1.619428,-3.059601,20.75792,0.01
-1.614671,-3.068514,20.75792,0.01
-1.616751,-3.074603,20.75792,0.01
-1.619736,-3.082773,20.75792,0.01
-1.637374,-3.093314,20.75792,0.01
-1.647479,-3.111291,20.75792,0.01
-1.657285,-3.121666,20.75792,0.01
-1.662828,-3.154143,20.75792,0.01
-1.62848,-3.522373,20.75792,0.01
-1.622725,-2.488146,20.75792,0.01
-1.685722,-2.271219,20.75792,0.01
-1.747396,-2.212891,20.75792,0.01
-1.791407,-2.227459,20.75792,0.01
-1.809263,-2.22824,20.75792,0.01
-1.819712,-2.217685,20.75792,0.01
-1.833935,-2.198862,20.75792,0.01
-1.848267,-2.184545,20.75792,0.01
-1.854218,-2.18091,20.75792,0.01
-1.856629,-2.168839,20.75792,0.01
-1.851721,-2.170704,20.75792,0.01
-1.839302,-2.149399,20.75792,0.01
-1.76483,-1.543921,20.75792,0.01
-1.73021,-1.291947,20.75792,0.01
-1.714734,-1.191079,20.75792,0.01
-1.697593,-1.161994,20.75792,0.01
-1.623422,-1.089094,20.75792,0.01
-0.08325351,-0.2052739,20.75792,0.01
0.7467346,0.3952403,20.75792,0.01
0.9320807,0.5607802,20.75792,0.01
0.9724807,0.6118854,20.75792,0.01
1.033743,0.5890631,20.75792,0.01
1.0675,0.7938637,20.75792,0.01
1.169057,2.582886,20.75792,0.01
1.203208,3.037949,20.75792,0.01
1.219221,3.165279,20.75792,0.01
1.20766,3.201689,20.75792,0.01
1.18935,3.232782,20.75792,0.01
1.159305,3.214923,20.75792,0.01
1.145211,3.284611,20.75792,0.01
1.142728,3.37215,20.75792,0.01
1.148424,3.414313,20.75792,0.01
1.16655,3.435833,20.75792,0.01
1.188108,3.4438,20.75792,0.01
1.200114,3.436424,20.75792,0.01
1.215894,3.4294,20.75792,0.01
1.324654,3.194103,20.75792,0.01
1.952987,0.7948639,20.75792,0.01
2.058328,0.4013427,20.75792,0.01
2.106262,0.2259228,20.75792,0.01
2.11519,0.161811,20.75792,0.01
2.116983,0.1561095,20.75792,0.01
2.125507,0.1454825,20.75792,0.01
2.146183,0.1389877,20.75792,0.01
2.17011,0.1275782,20.75792,0.01
2.174654,0.118468,20.75792,0.01
2.103616,0.04106107,20.75792,0.01
1.538267,-0.4831792,20.75792,0.01
1.198604,-0.7573614,20.75792,0.01
1.073791,-0.8861948,20.75792,0.01
1.021543,-0.9260882,20.75792,0.01
1.015742,-0.9528093,20.75792,0.01
1.02439,-0.9860339,20.75792,0.01
1.027286,-1.007759,20.75792,0.01
1.027462,-1.00179,20.75792,0.01
1.020503,-0.9925711,20.75792,0.01
1.010083,-0.9799893,20.75792,0.01
0.9947764,-0.9869482,20.75792,0.01
0.9818936,-1.131705,20.75792,0.01
0.5930572,-3.125048,20.75792,0.01
0.427023,-3.491339,20.75792,0.01
0.3690608,-3.580626,20.75792,0.01
0.324002,-3.636433,20.75792,0.01
0.3153884,-3.643829,20.75792,0.01
0.3143143,-3.667187,20.75792,0.01
0.335775,-3.67543,20.75792,0.01
0.3400282,-3.697881,20.75792,0.01
0.334564,-3.708299,20.75792,0.01
0.3217195,-3.696392,20.75792,0.01
0.3122907,-3.682433,20.75792,0.01
0.293753,-3.681061,20.75792,0.01
0.2750424,-3.681874,20.75792,0.01
0.2609627,-3.687634,20.75792,0.01
0.2661693,-3.684424,20.75792,0.01
0.2638642,-3.676804,20.75792,0.01
0.2559334,-3.677392,20.75792,0.01
0.2552773,-3.684099,20.75792,0.01
0.2547344,-3.677783,20.75792,0.01
0.2666886,-3.68301,20.75792,0.01
0.2994015,-3.699847,20.75792,0.01
0.3486197,-3.759968,20.75792,0.01
0.3905974,-3.96606,20.75792,0.01
0.3682371,-3.961689,20.75792,0.01
0.3602644,-3.896856,20.75792,0.01
0.3563352,-3.821019,20.75792,0.01
0.3457481,-3.771511,20.75792,0.01
0.3248645,-3.706414,20.75792,0.01
0.3166357,-3.695804,20.75792,0.01
0.3029648,-3.689402,20.75792,0.01
0.3037827,-3.678065,20.75792,0.01
0.3062463,-3.675483,20.75792,0.01
0.3134248,-3.686154,20.75792,0.01
0.3201916,-3.708095,20.75792,0.01
0.3192641,-3.725549,20.75792,0.01
0.2998542,-3.754328,20.75792,0.01
0.2867208,-3.758949,20.75792,0.01
0.2719068,-3.736115,20.75792,0.01
0.2787865,-3.683302,20.75792,0.01
0.3118415,-3.633703,20.75792,0.01
0.3405204,-3.608253,20.75792,0.01
0.3325908,-3.64274,20.75792,0.01
0.2862219,-3.666609,20.75792,0.01
0.2134603,-3.676015,20.75792,0.01
0.1569765,-3.662083,20.75792,0.01
0.1599963,-3.635563,20.75792,0.01
0.1992756,-3.609234,20.75792,0.01
0.2601372,-3.591944,20.75792,0.01
0.3133806,-3.59894,20.75792,0.01
0.3508985,-3.612636,20.75792,0.01
0.3526133,-3.635729,20.75792,0.01
0.3303655,-3.641309,20.75792,0.01
0.2882326,-3.653705,20.75792,0.01
0.2524434,-3.649387,20.75792,0.01
0.2549519,-3.66009,20.75792,0.01
0.2810577,-3.687855,20.75792,0.01
0.3135342,-3.722465,20.75792,0.01
0.3594613,-3.764169,20.75792,0.01
0.3897139,-3.762755,20.75792,0.01
0.3920788,-3.742852,20.75792,0.01
0.3774531,-3.712719,20.75792,0.01
0.3440288,-3.684062,20.75792,0.01
0.3056833,-3.658146,20.75792,0.01
0.2500573,-3.624593,20.75792,0.01
0.2069292,-3.6153,20.75792,0.01
0.2027313,-3.596901,20.75792,0.01
0.3602667,-3.336051,20.75792,0.01
1.324201,-1.884562,20.75792,0.01
1.547472,-1.631269,20.75792,0.01
1.660176,-1.559801,20.75792,0.01
1.659992,-1.554607,20.75792,0.01
1.651925,-1.555799,20.75792,0.01
1.62937,-1.549546,20.75792,0.01
1.614858,-1.518204,20.75792,0.01
1.397261,0.1856464,20.75792,0.01
1.184203,1.317616,20.75792,0.01
1.028237,1.568962,20.75792,0.01
0.9986118,1.641699,20.75792,0.01
0.9875956,1.693842,20.75792,0.01
1.000862,1.718215,20.75792,0.01
0.9945205,1.739849,20.75792,0.01
0.9884518,1.813714,20.75792,0.01
1.059754,2.675907,20.75792,0.01
1.088359,3.041633,20.75792,0.01
1.115232,3.161007,20.75792,0.01
1.122463,3.218641,20.75792,0.01
1.127951,3.231778,20.75792,0.01
1.136243,3.25237,20.75792,0.01
1.14841,3.26295,20.75792,0.01
1.160693,3.249646,20.75792,0.01
1.177262,3.239167,20.75792,0.01
1.305505,3.315377,20.75792,0.01
1.493359,3.424432,20.75792,0.01
1.596303,3.496426,20.75792,0.01
1.609823,3.534735,20.75792,0.01
1.620015,3.563971,20.75792,0.01
1.629078,3.579543,20.75792,0.01
1.638095,3.604281,20.75792,0.01
1.643068,3.602491,20.75792,0.01
1.63939,3.592851,20.75792,0.01
1.628026,3.527721,20.75792,0.01
1.365873,0.3863285,20.75792,0.01
1.30268,-0.3616194,20.75792,0.01
1.26299,-0.6571882,20.75792,0.01
1.250213,-0.6836853,20.75792,0.01
1.243866,-0.6664772,20.75792,0.01
1.234563,-0.6824787,20.75792,0.01
1.240023,-0.6983049,20.75792,0.01
1.24823,-0.6991389,20.75792,0.01
1.244162,-0.6984102,20.75792,0.01
1.24664,-0.7044121,20.75792,0.01
1.243592,-0.7068694,20.75792,0.01
1.253105,-0.7286304,20.75792,0.01
1.263462,-0.7448933,20.75792,0.01
1.266493,-0.7528239,20.75792,0.01
1.269248,-0.7502287,20.75792,0.01
1.266551,-0.7462226,20.75792,0.01
1.278027,-0.7295995,20.75792,0.01
1.317301,-0.7065593,20.75792,0.01
1.364254,-0.7027739,20.75792,0.01
1.403247,-0.7039657,20.75792,0.01
1.43592,-0.6906126,20.75792,0.01
1.450943,-0.691817,20.75792,0.01
1.463751,-0.6980809,20.75792,0.01
1.471208,-0.7083149,20.75792,0.01
1.47149,-0.7193847,20.75792,0.01
1.464671,-0.730427,20.75792,0.01
1.456758,-0.7418601,20.75792,0.01
1.406024,-0.7618845,20.75792,0.01
1.395082,-0.7691493,20.75792,0.01
1.379299,-0.7707442,20.75792,0.01
1.624524,-0.5469045,20.75792,0.01
2.115037,-0.1476387,20.75792,0.01
2.383071,-0.05641061,20.75792,0.01
2.277738,0.1202835,20.75792,0.01
2.269785,0.3649691,20.75792,0.01
2.213839,0.6041747,20.75792,0.01
2.114094,0.5663807,20.75792,0.01
2.048246,0.5537589,20.75792,0.01
1.99641,0.5329721,20.75792,0.01
1.953381,0.5276078,20.75792,0.01
1.707428,1.493762,20.75792,0.01
1.547286,2.23763,20.75792,0.01
1.526932,2.453007,20.75792,0.01
1.501208,2.508301,20.75792,0.01
1.522679,2.540435,20.75792,0.01
1.545243,2.608655,20.75792,0.01
1.582311,2.63246,20.75792,0.01
1.600939,2.996753,20.75792,0.01
1.614613,3.268034,20.75792,0.01
1.61658,3.341088,20.75792,0.01
1.600996,3.371167,20.75792,0.01
1.602174,3.409459,20.75792,0.01
1.59993,3.437039,20.75792,0.01
1.583135,3.4267,20.75792,0.01
1.582114,3.400896,20.75792,0.01
1.570552,3.383339,20.75792,0.01
1.565297,3.367745,20.75792,0.01
1.567775,3.378637,20.75792,0.01
1.580546,3.382038,20.75792,0.01
1.58851,3.380168,20.75792,0.01
1.587207,3.430519,20.75792,0.01
1.588958,3.527755,20.75792,0.01
1.580168,3.591763,20.75792,0.01
1.571488,3.627296,20.75792,0.01
1.549893,3.63616,20.75792,0.01
1.535057,3.638858,20.75792,0.01
1.504508,3.652144,20.75792,0.01
1.493613,3.653197,20.75792,0.01
1.483611,3.639999,20.75792,0.01
1.499174,3.605815,20.75792,0.01
1.513495,3.580411,20.75792,0.01
1.520348,3.568174,20.75792,0.01
1.510456,3.56359,20.75792,0.01
1.49194,3.558702,20.75792,0.01
1.467926,3.565124,20.75792,0.01
1.445054,3.572056,20.75792,0.01
1.435145,3.570352,20.75792,0.01
1.427628,3.558034,20.75792,0.01
1.432798,3.545881,20.75792,0.01
1.257037,3.560894,20.75792,0.01
-0.7313779,3.038126,20.75792,0.01
-1.930462,2.041265,20.75792,0.01
-2.194867,1.70927,20.75792,0.01
-2.252654,1.626241,20.75792,0.01
-2.2851,1.595371,20.75792,0.01
-2.323483,1.577176,20.75792,0.01
-2.916368,1.318934,20.75792,0.01
-3.983091,0.6722026,20.75792,0.01
-4.275045,0.4129001,20.75792,0.01
-4.374643,0.3072909,20.75792,0.01
-4.380284,0.2907957,20.75792,0.01
-4.391896,0.27296,20.75792,0.01
-4.386397,0.277693,20.75792,0.01
-4.378512,0.2838741,20.75792,0.01
-4.377625,0.2820789,20.75792,0.01
-4.383157,0.2795234,20.75792,0.01
-4.393082,0.2699583,20.75792,0.01
-4.40539,0.2637668,20.75792,0.01
-4.427731,0.2538043,20.75792,0.01
-4.437687,0.2537414,20.75792,0.01
-4.44466,0.2586147,20.75792,0.01
-4.446871,0.2623463,20.75792,0.01
-4.450005,0.2695321,20.75792,0.01
-4.456644,0.2556568,20.75792,0.01
-4.454873,0.2142453,20.75792,0.01
-4.455028,0.1805946,20.75792,0.01
-4.450336,0.1468724,20.75792,0.01
-4.442482,0.1366045,20.75792,0.01
-4.438017,0.1199372,20.75792,0.01
-4.434204,0.09612483,20.75792,0.01
-4.428923,0.07827055,20.75792,0.01
-4.429459,0.05641955,20.75792,0.01
-4.428989,0.04376236,20.75792,0.01
-4.434653,0.03800121,20.75792,0.01
-4.443914,0.02954686,20.75792,0.01
-4.458977,0.02402878,20.75792,0.01
-4.462856,0.01435822,20.75792,0.01
-3.732107,-0.2822537,20.75792,0.01
-2.803966,-0.9324274,20.75792,0.01
-2.660002,-1.100558,20.75792,0.01
-2.630163,-1.169471,20.75792,0.01
-2.62539,-1.190218,20.75792,0.01
-2.628572,-1.225832,20.75792,0.01
-2.622694,-1.230569,20.75792,0.01
-2.62395,-1.236963,20.75792,0.01
-2.616909,-1.235228,20.75792,0.01
-2.613288,-1.238185,20.75792,0.01
-2.619861,-1.235107,20.75792,0.01
-2.61377,-1.242814,20.75792,0.01
-2.605384,-1.245972,20.75792,0.01
-2.596212,-1.252224,20.75792,0.01
-2.593936,-1.25276,20.75792,0.01
-2.592377,-1.248386,20.75792,0.01
-2.592483,-1.246621,20.75792,0.01
-2.595485,-1.238641,20.75792,0.01
-2.595815,-1.234466,20.75792,0.01
-2.600865,-1.23867,20.75792,0.01
-2.61726,-1.241609,20.75792,0.01
-2.62537,-1.254762,20.75792,0.01
-2.636997,-1.255218,20.75792,0.01
-2.64628,-1.254633,20.75792,0.01
-2.64746,-1.249078,20.75792,0.01
-2.647412,-1.242529,20.75792,0.01
-2.644819,-1.244931,20.75792,0.01
-2.651426,-1.235976,20.75792,0.01
-2.660002,-1.219579,20.75792,0.01
-2.665643,-1.216471,20.75792,0.01
-2.676696,-1.21564,20.75792,0.01
-2.679509,-1.251719,20.75792,0.01
-2.682244,-1.310662,20.75792,0.01
-2.689726,-1.334445,20.75792,0.01
-2.686003,-1.337992,20.75792,0.01
-2.69136,-1.339502,20.75792,0.01
-2.698538,-1.338916,20.75792,0.01
-2.704822,-1.350956,20.75792,0.01
-2.576725,-1.603119,20.75792,0.01
-2.161573,-2.20266,20.75792,0.01
-1.946634,-2.471774,20.75792,0.01
-1.841075,-2.591714,20.75792,0.01
-1.802583,-2.630628,20.75792,0.01
-1.78395,-2.653946,20.75792,0.01
-1.769974,-2.684737,20.75792,0.01
-1.768767,-2.69688,20.75792,0.01
-1.774851,-2.709651,20.75792,0.01
-1.78478,-2.714645,20.75792,0.01
-1.792198,-2.71927,20.75792,0.01
-1.779748,-2.859543,20.75792,0.01
-1.75196,-3.039384,20.75792,0.01
-1.714118,-3.174914,20.75792,0.01
-1.695318,-3.240848,20.75792,0.01
-1.680197,-3.274524,20.75792,0.01
-1.660355,-3.290156,20.75792,0.01
-1.656046,-3.29138,20.75792,0.01
-1.651082,-3.304986,20.75792,0.01
-1.646266,-3.324538,20.75792,0.01
-1.643112,-3.343365,20.75792,0.01
-1.638418,-3.352188,20.75792,0.01
-1.6417,-3.35809,20.75792,0.01
-1.648759,-3.350266,20.75792,0.01
-1.64688,-3.343883,20.75792,0.01
-1.433591,-3.384584,20.75792,0.01
-0.3976268,-3.516464,20.75792,0.01
0.003113687,-3.588297,20.75792,0.01
0.1466207,-3.655372,20.75792,0.01
0.2005139,-3.689276,20.75792,0.01
0.2247691,-3.710899,20.75792,0.01
0.2311056,-3.715782,20.75792,0.01
0.2405295,-3.71687,20.75792,0.01
0.2407961,-3.716719,20.75792,0.01
0.2337215,-3.720999,20.75792,0.01
0.2303019,-3.717292,20.75792,0.01
0.9082106,-3.337398,20.75792,0.01
2.244707,-2.255096,20.75792,0.01
2.426314,-2.048114,20.75792,0.01
2.475646,-2.018308,20.75792,0.01
2.52252,-2.014454,20.75792,0.01
2.571119,-2.03031,20.75792,0.01
2.622466,-2.044591,20.75792,0.01
2.623738,-2.030001,20.75792,0.01
2.898889,-1.051913,20.75792,0.01
3.067501,-0.5401719,20.75792,0.01
3.182647,-0.3832998,20.75792,0.01
3.215084,-0.3564467,20.75792,0.01
3.2307,-0.3351233,20.75792,0.01
3.22865,-0.3077429,20.75792,0.01
3.218977,-0.2910575,20.75792,0.01
3.217954,-0.2818242,20.75792,0.01
3.21033,-0.2672792,20.75792,0.01
3.200234,-0.2691559,20.75792,0.01
3.253283,-0.6744651,20.75792,0.01
3.278642,-1.21701,20.75792,0.01
3.318576,-1.476565,20.75792,0.01
3.34349,-1.525816,20.75792,0.01
3.356797,-1.547543,20.75792,0.01
3.36277,-1.570693,20.75792,0.01
3.34458,-1.601859,20.75792,0.01
2.825204,-2.130925,20.75792,0.01
2.377794,-2.469284,20.75792,0.01
2.25176,-2.549635,20.75792,0.01
2.211997,-2.594003,20.75792,0.01
2.176787,-2.60997,20.75792,0.01
2.147952,-2.625086,20.75792,0.01
2.137503,-2.655874,20.75792,0.01
2.131718,-2.659135,20.75792,0.01
2.144601,-2.672099,20.75792,0.01
2.152901,-2.66586,20.75792,0.01
2.165125,-2.661213,20.75792,0.01
2.165946,-2.66206,20.75792,0.01
2.101111,-2.696694,20.75792,0.01
1.934117,-2.828027,20.75792,0.01
1.802567,-2.915322,20.75792,0.01
1.722084,-2.951869,20.75792,0.01
1.668613,-2.972715,20.75792,0.01
1.649585,-2.988991,20.75792,0.01
1.645596,-2.980662,20.75792,0.01
1.654795,-2.99153,20.75792,0.01
1.651915,-2.998413,20.75792,0.01
1.662557,-2.999321,20.75792,0.01
1.669465,-2.990843,20.75792,0.01
1.683563,-2.986868,20.75792,0.01
1.699273,-2.993396,20.75792,0.01
1.706294,-2.991874,20.75792,0.01
1.675059,-3.063497,20.75792,0.01
1.646392,-3.124215,20.75792,0.01
1.61885,-3.176811,20.75792,0.01
1.607951,-3.190313,20.75792,0.01
1.599262,-3.208265,20.75792,0.01
1.632543,-3.207023,20.75792,0.01
2.262806,-2.968287,20.75792,0.01
2.662957,-2.712736,20.75792,0.01
2.84214,-2.586917,20.75792,0.01
2.863518,-2.5372,20.75792,0.01
2.877412,-2.493803,20.75792,0.01
2.86931,-2.495914,20.75792,0.01
2.870737,-2.511791,20.75792,0.01
2.878302,-2.521312,20.75792,0.01
2.895898,-2.520451,20.75792,0.01
2.903269,-2.504091,20.75792,0.01
2.918914,-2.437935,20.75792,0.01
3.17371,-1.8395,20.75792,0.01
3.476871,-1.48843,20.75792,0.01
3.557604,-1.400935,20.75792,0.01
3.598526,-1.367733,20.75792,0.01
3.637725,-1.35797,20.75792,0.01
3.643101,-1.356256,20.75792,0.01
3.649839,-1.346096,20.75792,0.01
2.690537,-1.994441,20.75792,0.01
2.168763,-2.590076,20.75792,0.01
1.983057,-2.805034,20.75792,0.01
1.898582,-2.870038,20.75792,0.01
1.872979,-2.889013,20.75792,0.01
1.861707,-2.901357,20.75792,0.01
1.846587,-2.916994,20.75792,0.01
1.84597,-2.922494,20.75792,0.01
1.862907,-2.919565,20.75792,0.01
1.884665,-2.909603,20.75792,0.01
1.901671,-2.905311,20.75792,0.01
1.720308,-3.075741,20.75792,0.01
1.617513,-3.16597,20.75792,0.01
1.53543,-3.206376,20.75792,0.01
1.497141,-3.228944,20.75792,0.01
1.460296,-3.249234,20.75792,0.01
1.444779,-3.262291,20.75792,0.01
1.448908,-3.267263,20.75792,0.01
1.43576,-3.288198,20.75792,0.01
1.549596,-3.206619,20.75792,0.01
1.74652,-3.055678,20.75792,0.01
1.896328,-2.936177,20.75792,0.01
1.954626,-2.919998,20.75792,0.01
1.980365,-2.878323,20.75792,0.01
2.006025,-2.858078,20.75792,0.01
2.019328,-2.861554,20.75792,0.01
2.029885,-2.839041,20.75792,0.01
2.058189,-2.821205,20.75792,0.01
1.752806,-1.904644,20.75792,0.01
1.13774,-1.038481,20.75792,0.01
0.892208,-0.7952815,20.75792,0.01
0.8172317,-0.6980564,20.75792,0.01
0.7972406,-0.6483972,20.75792,0.01
0.7384691,-0.08965924,20.75792,0.01
0.6269766,1.441268,20.75792,0.01
0.594592,1.733149,20.75792,0.01
0.6052868,1.815353,20.75792,0.01
0.5922153,1.880794,20.75792,0.01
0.5921258,1.892186,20.75792,0.01
0.6083542,1.898302,20.75792,0.01
0.6243044,1.935938,20.75792,0.01
0.7938998,2.710551,20.75792,0.01
0.9616696,3.19098,20.75792,0.01
1.088466,3.348684,20.75792,0.01
1.08996,3.341932,20.75792,0.01
1.101279,3.342715,20.75792,0.01
1.116953,3.339151,20.75792,0.01
1.114894,3.343337,20.75792,0.01
1.116248,3.352833,20.75792,0.01
1.181759,3.379775,20.75792,0.01
1.236155,3.413485,20.75792,0.01
1.271298,3.460224,20.75792,0.01
1.291254,3.497587,20.75792,0.01
1.318173,3.517443,20.75792,0.01
1.35519,3.529077,20.75792,0.01
1.374865,3.533763,20.75792,0.01
1.377321,3.547316,20.75792,0.01
1.380494,3.560439,20.75792,0.01
1.366914,3.564717,20.75792,0.01
1.351542,3.56743,20.75792,0.01
1.342854,3.573796,20.75792,0.01
1.337033,3.575359,20.75792,0.01
1.34709,3.577183,20.75792,0.01
1.354147,3.576758,20.75792,0.01
1.362321,3.578683,20.75792,0.01
1.384172,3.571435,20.75792,0.01
1.31101,3.55863,20.75792,0.01
-0.2354523,2.848261,20.75792,0.01
-1.042659,2.06983,20.75792,0.01
-1.271045,1.832046,20.75792,0.01
-1.331185,1.734261,20.75792,0.01
-1.349218,1.709137,20.75792,0.01
-1.37073,1.626527,20.75792,0.01
-2.104111,0.5504987,20.75792,0.01
-2.323335,0.2747912,20.75792,0.01
-2.431282,0.2037669,20.75792,0.01
-2.481499,0.1845773,20.75792,0.01
-2.50417,0.1874132,20.75792,0.01
-2.510366,0.1925597,20.75792,0.01
-3.352448,0.3315658,20.75792,0.01
-3.756428,0.4547956,20.75792,0.01
-3.875408,0.5256615,20.75792,0.01
-3.914538,0.5815774,20.75792,0.01
-3.919192,0.6018331,20.75792,0.01
-3.911533,0.6131359,20.75792,0.01
-3.914336,0.620781,20.75792,0.01
-3.910625,0.6214273,20.75792,0.01
-3.910403,0.626276,20.75792,0.01
-3.90971,0.6285143,20.75792,0.01
-3.925232,0.6305664,20.75792,0.01
-3.161025,0.9459383,20.75792,0.01
0.2510565,2.814914,20.75792,0.01
1.209937,3.187319,20.75792,0.01
1.174009,3.54067,20.75792,0.01
1.221844,3.829021,20.75792,0.01
1.251923,4.09475,20.75792,0.01
1.225554,4.065377,20.75792,0.01
1.219747,4.016763,20.75792,0.01
1.098288,2.786882,20.75792,0.01
1.100397,2.827562,20.75792,0.01
1.198019,1.856989,20.75792,0.01
-0.25865,0.6218894,20.75792,0.01
1.498037,3.312212,20.75792,0.01
2.355546,3.742788,20.75792,0.01
2.995442,3.604918,20.75792,0.01
3.159549,3.887889,20.75792,0.01
3.213818,3.963886,20.75792,0.01
3.17471,3.913601,20.75792,0.01
3.184137,3.921096,20.75792,0.01
3.189274,3.928295,20.75792,0.01
3.184728,3.956887,20.75792,0.01
3.198977,4.031665,20.75792,0.01
3.196937,4.048383,20.75792,0.01
2.764942,3.207088,20.75792,0.01
1.579044,3.400852,20.75792,0.01
1.758825,1.737923,20.75792,0.01
1.211415,2.243262,20.75792,0.01
1.266099,2.997882,20.75792,0.01
1.291396,3.257548,20.75792,0.01
1.308021,3.339942,20.75792,0.01
1.328457,3.34544,20.75792,0.01
1.349322,3.363773,20.75792,0.01
1.358677,3.367487,20.75792,0.01
1.364941,3.370039,20.75792,0.01
1.400906,3.378062,20.75792,0.01
1.423242,3.374692,20.75792,0.01
1.436574,3.377091,20.75792,0.01
1.434971,3.382407,20.75792,0.01
1.434642,3.380308,20.75792,0.01
1.442606,3.383564,20.75792,0.01
1.454575,3.378672,20.75792,0.01
1.454749,3.373376,20.75792,0.01
1.46479,3.378421,20.75792,0.01
1.461381,3.385632,20.75792,0.01
1.445348,3.384262,20.75792,0.01
1.438863,3.372555,20.75792,0.01
1.442359,3.357448,20.75792,0.01
1.443516,3.341349,20.75792,0.01
1.43768,3.344339,20.75792,0.01
1.427356,3.355425,20.75792,0.01
1.416561,3.363322,20.75792,0.01
1.405749,3.362652,20.75792,0.01
1.410259,3.36423,20.75792,0.01
1.419342,3.363938,20.75792,0.01
1.433894,3.360647,20.75792,0.01
1.438307,3.357342,20.75792,0.01
1.436051,3.356052,20.75792,0.01
1.424993,3.352873,20.75792,0.01
1.42568,3.353895,20.75792,0.01
1.406874,3.307245,20.75792,0.01
1.392562,3.283395,20.75792,0.01
1.377832,3.292593,20.75792,0.01
1.362798,3.2639,20.75792,0.01
1.354307,3.245171,20.75792,0.01
1.361687,3.272683,20.75792,0.01
1.386954,3.297241,20.75792,0.01
1.406847,3.302175,20.75792,0.01
1.423886,3.306741,20.75792,0.01
1.434801,3.314271,20.75792,0.01
1.443668,3.321754,20.75792,0.01
1.441803,3.334932,20.75792,0.01
1.442504,3.323699,20.75792,0.01
1.459803,3.308986,20.75792,0.01
1.463342,3.304784,20.75792,0.01
1.462538,3.31355,20.75792,0.01
1.461807,3.32135,20.75792,0.01
1.459071,3.328097,20.75792,0.01
1.451174,3.328256,20.75792,0.01
1.447559,3.32443,20.75792,0.01
1.441581,3.307672,20.75792,0.01
1.442221,3.292173,20.75792,0.01
1.448336,3.299698,20.75792,0.01
1.417239,3.19544,20.75792,0.01
1.215943,1.410411,20.75792,0.01
1.102759,0.6941981,20.75792,0.01
1.03524,0.5014709,20.75792,0.01
1.01578,0.4570624,20.75792,0.01
0.9975189,0.4343758,20.75792,0.01
0.9840921,0.4206492,20.75792,0.01
0.9814228,0.4142741,20.75792,0.01
0.9903331,0.4108571,20.75792,0.01
0.8424128,-0.02904379,20.75792,0.01
0.748597,-0.2475455,20.75792,0.01
0.7048221,-0.3450751,20.75792,0.01
0.6682717,-0.3825393,20.75792,0.01
0.6526089,-0.3944099,20.75792,0.01
0.6267148,-0.4143672,20.75792,0.01
0.6217088,-0.4479223,20.75792,0.01
0.6196294,-0.4708882,20.75792,0.01
0.6170995,-0.4858056,20.75792,0.01
0.5949241,-0.6003648,20.75792,0.01
0.5865881,-0.6815367,20.75792,0.01
0.575927,-0.7257235,20.75792,0.01
0.5683212,-0.7642722,20.75792,0.01
0.561609,-0.767035,20.75792,0.01
0.5594103,-0.7839174,20.75792,0.01
0.5500494,-0.8038227,20.75792,0.01
0.5410371,-0.8000008,20.75792,0.01
0.4385827,-0.8734228,20.75792,0.01
0.1357628,-1.093952,20.75792,0.01
-0.07635396,-1.272295,20.75792,0.01
-0.1416758,-1.300825,20.75792,0.01
-0.1573051,-1.324109,20.75792,0.01
-0.1959146,-1.337982,20.75792,0.01
-0.2094708,-1.349539,20.75792,0.01
-0.223873,-1.368371,20.75792,0.01
-0.2361527,-1.390673,20.75792,0.01
-0.4485325,-1.956727,20.75792,0.01
-0.5392971,-2.177863,20.75792,0.01
-0.5757592,-2.258354,20.75792,0.01
-0.6047276,-2.282216,20.75792,0.01
-0.6249338,-2.293003,20.75792,0.01
-0.6319991,-2.3073,20.75792,0.01
-0.6363218,-2.325807,20.75792,0.01
-0.6493888,-2.326553,20.75792,0.01
-0.8135835,-2.053374,20.75792,0.01
-0.8977053,-1.8698,20.75792,0.01
-0.9518869,-1.768224,20.75792,0.01
-0.9865046,-1.704683,20.75792,0.01
-0.9985919,-1.668559,20.75792,0.01
-1.00042,-1.654461,20.75792,0.01
-1.009681,-1.640008,20.75792,0.01
-1.013556,-1.622101,20.75792,0.01
-1.029251,-1.610373,20.75792,0.01
-1.042213,-1.591398,20.75792,0.01
-1.040004,-1.581527,20.75792,0.01
-1.042195,-1.578929,20.75792,0.01
-1.030466,-1.580337,20.75792,0.01
-1.024384,-1.587928,20.75792,0.01
-1.021664,-1.585942,20.75792,0.01
-1.031432,-1.582247,20.75792,0.01
-1.039495,-1.574565,20.75792,0.01
-1.044927,-1.570436,20.75792,0.01
-1.039189,-1.568198,20.75792,0.01
-1.032717,-1.558525,20.75792,0.01
-1.022622,-1.553975,20.75792,0.01
-0.9350898,-1.692255,20.75792,0.01
-0.8769506,-1.793764,20.75792,0.01
-0.8412,-1.87325,20.75792,0.01
-0.8194633,-1.915056,20.75792,0.01
-0.8066781,-1.937086,20.75792,0.01
-0.8036178,-1.947667,20.75792,0.01
-0.8083724,-1.942715,20.75792,0.01
-0.8071736,-1.936019,20.75792,0.01
-0.8124609,-1.917773,20.75792,0.01
-0.8118224,-1.926519,20.75792,0.01
-0.8079026,-1.923597,20.75792,0.01
-0.8065645,-1.928848,20.75792,0.01
-0.7965169,-1.932626,20.75792,0.01
-0.784559,-1.925964,20.75792,0.01
-0.777403,-1.927115,20.75792,0.01
-0.7714181,-1.9319,20.75792,0.01
-0.8081415,-1.884907,20.75792,0.01
-0.9599745,-1.585671,20.75792,0.01
-1.061747,-1.398082,20.75792,0.01
-1.13411,-1.280679,20.75792,0.01
-1.161129,-1.236439,20.75792,0.01
-1.170813,-1.206195,20.75792,0.01
-1.168111,-1.195859,20.75792,0.01
-1.159729,-1.180178,20.75792,0.01
-1.153213,-1.168124,20.75792,0.01
-1.158896,-1.150403,20.75792,0.01
-1.167417,-1.145046,20.75792,0.01
-1.173469,-1.144759,20.75792,0.01
-1.05546,-1.305661,20.75792,0.01
-0.9560025,-1.527496,20.75792,0.01
-0.8861878,-1.657945,20.75792,0.01
-0.8301246,-1.739041,20.75792,0.01
-0.8137569,-1.754954,20.75792,0.01
-0.8166518,-1.769799,20.75792,0.01
-0.8165629,-1.781478,20.75792,0.01
-0.8036771,-1.789366,20.75792,0.01
-0.7832593,-1.801019,20.75792,0.01
-0.761934,-1.795343,20.75792,0.01
-0.7547929,-1.782118,20.75792,0.01
-0.7387675,-1.751628,20.75792,0.01
-0.7280923,-1.721317,20.75792,0.01
-0.7113899,-1.459037,20.75792,0.01
-0.7254416,-1.082633,20.75792,0.01
-0.7463336,-0.922143,20.75792,0.01
-0.7676322,-0.8243886,20.75792,0.01
-0.7982816,-0.8133619,20.75792,0.01
-0.8231916,-0.7877565,20.75792,0.01
-0.8272898,-0.7770663,20.75792,0.01
-0.8344215,-0.7842052,20.75792,0.01
-0.8293321,-0.7920582,20.75792,0.01
-0.8241087,-0.8066239,20.75792,0.01
-0.8376981,-0.8082881,20.75792,0.01
-0.8996068,-1.130869,20.75792,0.01
-0.9550198,-1.564137,20.75792,0.01
-0.9789717,-1.798247,20.75792,0.01
-0.9845092,-1.90655,20.75792,0.01
-0.9844697,-1.95105,20.75792,0.01
-0.9952474,-1.97296,20.75792,0.01
-0.9962019,-1.974241,20.75792,0.01
-0.9973209,-1.960856,20.75792,0.01
-1.003627,-1.946546,20.75792,0.01
-1.007903,-1.944319,20.75792,0.01
-1.00403,-1.956869,20.75792,0.01
-1.004516,-1.944947,20.75792,0.01
-0.9898664,-1.772377,20.75792,0.01
-0.9574974,-1.62651,20.75792,0.01
-0.9492629,-1.582665,20.75792,0.01
-0.9480235,-1.555737,20.75792,0.01
-0.9447786,-1.531254,20.75792,0.01
-0.9415758,-1.543952,20.75792,0.01
-0.9266605,-1.576648,20.75792,0.01
-0.9070654,-2.886541,20.75792,0.01
-0.8580923,-3.272265,20.75792,0.01
-0.8312552,-3.407227,20.75792,0.01
-0.807507,-3.462312,20.75792,0.01
-0.7805232,-3.463261,20.75792,0.01
-0.7652782,-3.466322,20.75792,0.01
-0.7457665,-3.473545,20.75792,0.01
-0.7215948,-3.468093,20.75792,0.01
-0.7126747,-3.463069,20.75792,0.01
1.172124,-2.990738,20.75792,0.01
1.868808,-2.622586,20.75792,0.01
2.013562,-2.510834,20.75792,0.01
2.059986,-2.456028,20.75792,0.01
2.08442,-2.400307,20.75792,0.01
2.102825,-2.359914,20.75792,0.01
2.098035,-2.344169,20.75792,0.01
2.083109,-2.340059,20.75792,0.01
2.078155,-2.338964,20.75792,0.01
3.764718,-1.273837,20.75792,0.01
4.79243,-0.7435375,20.75792,0.01
5.024608,-0.6121516,20.75792,0.01
5.11448,-0.5717865,20.75792,0.01
5.134888,-0.5668172,20.75792,0.01
5.151515,-0.5447965,20.75792,0.01
6.380362,0.04743552,20.75791,0.01
8.148899,1.121314,20.75791,0.01
8.37344,1.25838,20.75791,0.01
8.426864,1.294509,20.75791,0.01
8.474367,1.285549,20.75791,0.01
8.492075,1.290178,20.75791,0.01
8.490273,1.298788,20.75791,0.01
8.52033,1.302492,20.75791,0.01
8.515234,1.315147,20.75791,0.01
8.342808,1.336964,20.75791,0.01
3.633421,1.7294,20.75792,0.01
2.914654,1.778458,20.75792,0.01
2.828146,1.753131,20.75792,0.01
2.776472,1.736593,20.75792,0.01
2.775346,1.730709,20.75792,0.01
2.77691,1.724801,20.75792,0.01
2.769617,1.718334,20.75792,0.01
2.771636,1.720139,20.75792,0.01
3.521843,1.673342,20.75792,0.01
8.429033,1.11238,20.75791,0.01
8.90204,1.055526,20.75791,0.01
8.95218,1.031403,20.75791,0.01
9.177814,0.9910126,20.75791,0.01
9.483019,0.956786,20.75791,0.01
9.453788,0.9642761,20.75791,0.01
9.58008,0.9604141,20.75791,0.01
9.627952,0.9507155,20.75791,0.01
5.643316,-0.6723437,20.75791,0.01
0.302001,2.586431,20.75792,0.01
-0.9598373,2.77903,20.75792,0.01
-5.626797,1.710018,20.75792,0.01
-6.111792,1.501922,20.75792,0.01
-6.190009,1.427568,20.75792,0.01
-6.206135,1.399832,20.75792,0.01
-6.25269,1.369838,20.75792,0.01
-6.269059,1.326154,20.75792,0.01
-6.275009,1.278989,20.75792,0.01
-6.264884,1.276112,20.75792,0.01
-6.442161,2.694257,20.75792,0.01
-6.521473,3.863099,20.75792,0.01
-6.600242,4.139557,20.75792,0.01
-6.623751,4.189039,20.75792,0.01
-7.024026,3.449732,20.75792,0.01
-7.467398,-0.7492327,20.75792,0.01
-7.60104,-0.7312068,20.75792,0.01
-7.635174,-0.7457043,20.75792,0.01
-7.89571,-0.9739567,20.75792,0.01
-7.806731,-2.500721,20.75792,0.01
-7.745442,-3.239024,20.75792,0.01
-7.525877,-3.345532,20.75792,0.01
-7.518639,-3.474538,20.75792,0.01
-7.462244,-3.482574,20.75792,0.01
-7.457759,-3.485516,20.75792,0.01
-7.398453,-3.670911,20.75792,0.01
-7.398144,-3.843427,20.75792,0.01
-7.408835,-3.947552,20.75792,0.01
-7.39682,-3.984903,20.75792,0.01
-7.372158,-3.996148,20.75792,0.01
-7.315574,-3.996695,20.75792,0.01
-7.304411,-3.984164,20.75792,0.01
-7.333172,-3.995137,20.75792,0.01
-7.378825,-3.627598,20.75792,0.01
-7.297541,-1.719172,20.75792,0.01
-7.28732,-1.338791,20.75792,0.01
-7.300406,-1.203388,20.75792,0.01
-7.302112,-1.099369,20.75792,0.01
-7.304078,-1.062569,20.75792,0.01
-7.247344,-1.389514,20.75792,0.01
-7.411391,-0.9646329,20.75792,0.01
-7.472034,-0.9065111,20.75792,0.01
-7.510262,-0.8788385,20.75792,0.01
-7.510952,-0.8791267,20.75792,0.01
-7.51001,-0.8755606,20.75792,0.01
-7.529466,-0.8767334,20.75792,0.01
-7.539273,-0.8803679,20.75792,0.01
-7.557507,-0.879572,20.75792,0.01
-7.569309,-0.8912006,20.75792,0.01
-7.581879,-0.9000637,20.75792,0.01
-7.584829,-0.9106529,20.75792,0.01
-7.580747,-0.9087989,20.75792,0.01
-7.569025,-0.9038925,20.75792,0.01
-7.561892,-0.904982,20.75792,0.01
-7.54409,-0.9035806,20.75792,0.01
-7.525292,-0.8938292,20.75792,0.01
-7.520144,-0.8847759,20.75792,0.01
-7.521329,-0.8649849,20.75792,0.01
-7.512661,-0.8599122,20.75792,0.01
-7.509254,-0.8673437,20.75792,0.01
-7.499974,-0.8752096,20.75792,0.01
-7.49484,-0.8848081,20.75792,0.01
-7.503318,-0.8832157,20.75792,0.01
-7.508156,-0.8734896,20.75792,0.01
-7.506891,-0.8638964,20.75792,0.01
-7.511491,-0.854681,20.75792,0.01
-7.503069,-0.8578597,20.75792,0.01
-7.504421,-0.8543233,20.75792,0.01
-7.502378,-0.8508034,20.75792,0.01
-7.492614,-0.8469354,20.75792,0.01
-7.483793,-0.8382044,20.75792,0.01
-7.482386,-0.8335223,20.75792,0.01
-7.483274,-0.8302463,20.75792,0.01
-7.490152,-0.8285921,20.75792,0.01
-7.509877,-0.8203832,20.75792,0.01
-7.525034,-0.8186245,20.75792,0.01
-7.537762,-0.8166834,20.75792,0.01
-7.53467,-0.8095515,20.75792,0.01
-7.544685,-0.7943316,20.75792,0.01
-7.545626,-0.7925649,20.75792,0.01
-7.54144,-0.7877787,20.75792,0.01
-7.538913,-0.7831783,20.75792,0.01
-7.541193,-0.7698287,20.75792,0.01
-7.549109,-0.7611603,20.75792,0.01
-7.563745,-0.7790599,20.75792,0.01
-7.58289,-0.8070241,20.75792,0.01
-7.590209,-0.8271059,20.75792,0.01
-7.59804,-0.8361912,20.75792,0.01
-7.592278,-0.8469412,20.75792,0.01
-7.590971,-0.8496417,20.75792,0.01
-7.587707,-0.8491201,20.75792,0.01
-7.582835,-0.8420358,20.75792,0.01
-7.575131,-0.8292302,20.75792,0.01
-7.574765,-0.8206344,20.75792,0.01
-7.572169,-0.8075354,20.75792,0.01
-7.563022,-0.7925016,20.75792,0.01
-7.549552,-0.7936207,20.75792,0.01
-7.54158,-0.806855,20.75792,0.01
-7.534252,-0.8276706,20.75792,0.01
-7.750364,-0.8675438,20.75792,0.01
-7.753478,-0.9326947,20.75792,0.01
-7.701037,-0.9628005,20.75792,0.01
-7.651932,-0.9809676,20.75792,0.01
-7.624149,-0.9857837,20.75792,0.01
-7.60097,-0.9857469,20.75792,0.01
-7.58236,-0.980029,20.75792,0.01
-7.567859,-0.9731036,20.75792,0.01
-7.313205,-0.8461262,20.75792,0.01
-5.471467,-0.3617961,20.75792,0.01
-4.817183,-0.07701948,20.75792,0.01
-4.636445,0.01180363,20.75792,0.01
-4.600588,0.02613318,20.75792,0.01
-4.585868,0.0391064,20.75792,0.01
-4.59374,0.05266982,20.75792,0.01
-4.598175,0.06109095,20.75792,0.01
-4.611562,0.0793879,20.75792,0.01
-4.614397,0.103122,20.75792,0.01
-4.614889,0.1253724,20.75792,0.01
-4.557761,0.1365741,20.75792,0.01
-2.418902,0.1923181,20.75792,0.01
-0.5506966,0.2120177,20.75792,0.01
-0.3828483,0.2455918,20.75792,0.01
-0.310683,0.2638105,20.75792,0.01
-0.2871796,0.2655571,20.75792,0.01
-0.2935213,0.2711284,20.75792,0.01
-0.294542,0.2787061,20.75792,0.01
-0.2928078,0.2752609,20.75792,0.01
-0.2908303,0.2786795,20.75792,0.01
-0.2906332,0.2928568,20.75792,0.01
-0.225619,0.4050872,20.75792,0.01
0.5726843,2.229397,20.75792,0.01
1.160339,3.156899,20.75792,0.01
1.264075,3.26116,20.75792,0.01
1.298075,3.301507,20.75792,0.01
1.314708,3.305453,20.75792,0.01
1.32867,3.32161,20.75792,0.01
1.337294,3.301135,20.75792,0.01
1.346586,3.285118,20.75792,0.01
1.348528,3.297792,20.75792,0.01
1.343498,3.296984,20.75792,0.01
1.325642,3.320786,20.75792,0.01
1.315184,3.329492,20.75792,0.01
1.303389,3.339782,20.75792,0.01
1.296529,3.35064,20.75792,0.01
1.296926,3.340077,20.75792,0.01
1.304868,3.325386,20.75792,0.01
1.316415,3.311591,20.75792,0.01
1.323361,3.305656,20.75792,0.01
1.328707,3.304737,20.75792,0.01
1.239545,3.37381,20.75792,0.01
1.124337,3.456803,20.75792,0.01
1.066344,3.48795,20.75792,0.01
1.02837,3.50656,20.75792,0.01
1.007833,3.510868,20.75792,0.01
0.99703,3.525882,20.75792,0.01
0.9957228,3.533453,20.75792,0.01
1.006004,3.539587,20.75792,0.01
0.9970859,3.531663,20.75792,0.01
1.00447,3.533459,20.75792,0.01
1.00149,3.536198,20.75792,0.01
0.9879826,3.535128,20.75792,0.01
1.002998,3.545987,20.75792,0.01
1.012833,3.547584,20.75792,0.01
1.031098,3.543482,20.75792,0.01
1.0443,3.539003,20.75792,0.01
1.062443,3.468401,20.75792,0.01
1.080632,3.386459,20.75792,0.01
1.076423,3.350147,20.75792,0.01
1.079359,3.305706,20.75792,0.01
1.08627,3.292224,20.75792,0.01
1.109612,3.261966,20.75792,0.01
1.120162,3.256858,20.75792,0.01
1.124557,3.271229,20.75792,0.01
1.108445,3.268155,20.75792,0.01
1.048485,3.243472,20.75792,0.01
0.7768207,2.595206,20.75792,0.01
0.5656189,1.569914,20.75792,0.01
0.1182711,1.364376,20.75792,0.01
-0.2258383,1.627339,20.75792,0.01
-0.4995289,1.85287,20.75792,0.01
-0.7135394,2.27984,20.75792,0.01
-0.9317648,2.639853,20.75792,0.01
-1.13802,2.889045,20.75792,0.01
-1.318757,3.152727,20.75792,0.01
-1.521347,3.331106,20.75792,0.01
-1.594533,3.431459,20.75792,0.01
-2.128328,2.968864,20.75792,0.01
-2.71992,2.723122,20.75792,0.01
-3.213966,2.69963,20.75792,0.01
-3.364441,2.732298,20.75792,0.01
-3.467008,2.725701,20.75792,0.01
-3.401976,2.737549,20.75792,0.01
-3.178593,2.614572,20.75792,0.01
-2.742683,2.096448,20.75792,0.01
-1.557963,2.186218,20.75792,0.01
0.4586909,2.343237,20.75792,0.01
0.9055924,2.572269,20.75792,0.01
0.9276241,2.640073,20.75792,0.01
0.8938178,2.66675,20.75792,0.01
0.9182221,2.683733,20.75792,0.01
0.9268939,2.678663,20.75792,0.01
0.8899333,2.667338,20.75792,0.01
1.020363,2.640654,20.75792,0.01
1.144635,2.612973,20.75792,0.01
1.306105,2.592335,20.75792,0.01
1.483048,2.609657,20.75792,0.01
1.715616,2.646245,20.75792,0.01
1.97241,2.641853,20.75792,0.01
1.919593,2.694518,20.75792,0.01
1.854849,2.830882,20.75792,0.01
1.674071,3.013676,20.75792,0.01
1.563109,3.147803,20.75792,0.01
1.581837,3.283342,20.75792,0.01
1.644447,3.401244,20.75792,0.01
1.744831,3.464871,20.75792,0.01
1.835748,3.488037,20.75792,0.01
1.907947,3.400805,20.75792,0.01
1.907949,3.274839,20.75792,0.01
1.894904,3.170517,20.75792,0.01
1.803939,3.154373,20.75792,0.01
1.598125,3.211314,20.75792,0.01
1.448509,3.263062,20.75792,0.01
1.343371,3.277938,20.75792,0.01
1.355727,3.241739,20.75792,0.01
1.41117,3.168364,20.75792,0.01
1.462387,2.991721,20.75792,0.01
0.9237099,0.5367933,20.75792,0.01
1.162524,1.72127,20.75792,0.01
0.8734282,2.193605,20.75792,0.01
0.5771766,2.671383,20.75792,0.01
0.6070656,3.190442,20.75792,0.01
1.336662,3.538271,20.75792,0.01
2.044098,3.753345,20.75792,0.01
2.274573,3.960398,20.75792,0.01
2.455991,4.115346,20.75792,0.01
2.91437,4.142423,20.75792,0.01
3.345119,4.157379,20.75792,0.01
2.84025,3.81107,20.75792,0.01
2.143041,3.270837,20.75792,0.01
1.277805,2.878139,20.75792,0.01
-0.1717417,1.350507,20.75792,0.01
0.9018397,3.146678,20.75792,0.01
1.087749,3.293598,20.75792,0.01
1.131369,3.34469,20.75792,0.01
1.090717,3.353817,20.75792,0.01
1.121106,3.34919,20.75792,0.01
1.15148,3.390171,20.75792,0.01
1.171275,3.45752,20.75792,0.01
1.19283,3.530116,20.75792,0.01
1.231822,3.606665,20.75792,0.01
1.30362,3.632209,20.75792,0.01
1.362859,3.650229,20.75792,0.01
1.427588,3.599172,20.75792,0.01
1.47809,3.598692,20.75792,0.01
1.502101,3.636773,20.75792,0.01
1.495278,3.638219,20.75792,0.01
1.479365,3.681901,20.75792,0.01
1.466796,3.680033,20.75792,0.01
1.422355,3.566095,20.75792,0.01
1.378173,3.443734,20.75792,0.01
1.306712,3.27447,20.75792,0.01
1.186908,3.138592,20.75792,0.01
1.065523,3.153196,20.75792,0.01
0.9356985,3.206815,20.75792,0.01
0.878637,3.332211,20.75792,0.01
0.8907203,3.41758,20.75792,0.01
0.9732379,3.405697,20.75792,0.01
1.098045,3.381291,20.75792,0.01
1.193462,3.400886,20.75792,0.01
1.294891,3.424536,20.75792,0.01
1.354789,3.499918,20.75792,0.01
1.364846,3.545492,20.75792,0.01
1.364984,3.512416,20.75792,0.01
1.338498,3.448767,20.75792,0.01
1.328766,3.404971,20.75792,0.01
0.3967472,3.092938,20.75792,0.01
-2.820992,1.82252,20.75792,0.01
-3.449373,1.227361,20.75792,0.01
-3.480064,1.199212,20.75792,0.01
-3.525723,1.244146,20.75792,0.01
-3.562182,1.274365,20.75792,0.01
-3.631613,1.283636,20.75792,0.01
-3.719902,1.269763,20.75792,0.01
-3.789937,1.208896,20.75792,0.01
-3.852368,1.142412,20.75792,0.01
-3.897346,1.089574,20.75792,0.01
-3.920569,1.062706,20.75792,0.01
-3.934145,1.051006,20.75792,0.01
-3.709323,-1.299088,20.75792,0.01
-3.952029,-1.71835,20.75792,0.01
-3.955825,-1.322537,20.75792,0.01
-3.921635,-0.4642849,20.75792,0.01
-3.857367,0.2798504,20.75792,0.01
-3.818486,0.3258677,20.75792,0.01
-3.791784,0.3505702,20.75792,0.01
-3.769182,0.3711607,20.75792,0.01
-3.732958,0.3835659,20.75792,0.01
-3.693692,0.4009662,20.75792,0.01
-3.671077,0.408192,20.75792,0.01
-3.656531,0.4190807,20.75792,0.01
-3.65404,0.4296431,20.75792,0.01
-3.65633,0.4463123,20.75792,0.01
-3.659393,0.4443701,20.75792,0.01
-3.660614,0.4215081,20.75792,0.01
-3.658678,0.4018331,20.75792,0.01
-3.66053,0.3863519,20.75792,0.01
-3.664269,0.3797882,20.75792,0.01
-3.664375,0.3760197,20.75792,0.01
-3.668041,0.386377,20.75792,0.01
-3.660098,0.4180767,20.75792,0.01
-3.641577,0.4265734,20.75792,0.01
-3.62234,0.4284045,20.75792,0.01
-3.606773,0.4342569,20.75792,0.01
-3.600199,0.438059,20.75792,0.01
-3.596677,0.4387088,20.75792,0.01
-3.597362,0.4275492,20.75792,0.01
-3.594787,0.4203738,20.75792,0.01
-3.594012,0.4047408,20.75792,0.01
-3.5978,0.3849401,20.75792,0.01
-3.599543,0.3592601,20.75792,0.01
-3.545826,0.01325291,20.75792,0.01
-3.43087,-0.441213,20.75792,0.01
-3.373755,-0.5540512,20.75792,0.01
-3.344467,-0.5850589,20.75792,0.01
-3.328248,-0.6111737,20.75792,0.01
-3.308556,-0.634409,20.75792,0.01
-3.290611,-0.6488205,20.75792,0.01
-3.278744,-0.6623328,20.75792,0.01
-3.270941,-0.6544518,20.75792,0.01
-3.250431,-0.6819237,20.75792,0.01
-3.155958,-0.9923694,20.75792,0.01
-3.070286,-1.256373,20.75792,0.01
-3.03315,-1.327655,20.75792,0.01
-3.01124,-1.360373,20.75792,0.01
-2.992349,-1.399048,20.75792,0.01
-2.985052,-1.410535,20.75792,0.01
-2.973335,-1.41946,20.75792,0.01
-2.972853,-1.430572,20.75792,0.01
-2.974983,-1.448555,20.75792,0.01
-2.972081,-1.463816,20.75792,0.01
-2.981402,-1.478059,20.75792,0.01
-2.983548,-1.485938,20.75792,0.01
-2.845526,-1.478276,20.75792,0.01
-2.699513,-1.451628,20.75792,0.01
-2.647198,-1.429333,20.75792,0.01
-2.620363,-1.40197,20.75792,0.01
-2.674971,-1.406531,20.75792,0.01
-2.738379,-1.422813,20.75792,0.01
-2.783083,-1.437927,20.75792,0.01
-2.827125,-1.456332,20.75792,0.01
-2.852249,-1.466752,20.75792,0.01
-2.866168,-1.46244,20.75792,0.01
-2.75491,-1.361852,20.75792,0.01
-2.667377,-1.303514,20.75792,0.01
-2.604952,-1.270804,20.75792,0.01
-2.561232,-1.237319,20.75792,0.01
-2.536968,-1.206797,20.75792,0.01
-2.517292,-1.202895,20.75792,0.01
-2.508001,-1.203695,20.75792,0.01
-2.50242,-1.202291,20.75792,0.01
-2.508005,-1.209606,20.75792,0.01
-2.514212,-1.219688,20.75792,0.01
-2.518465,-1.231641,20.75792,0.01
-2.525574,-1.235532,20.75792,0.01
-2.528365,-1.253629,20.75792,0.01
-2.532345,-1.257235,20.75792,0.01
-2.535176,-1.253105,20.75792,0.01
-2.531548,-1.24818,20.75792,0.01
-2.535985,-1.229242,20.75792,0.01
-2.536425,-1.22491,20.75792,0.01
-2.530185,-1.229928,20.75792,0.01
-2.530839,-1.242499,20.75792,0.01
-2.513845,-1.25284,20.75792,0.01
-2.508583,-1.253054,20.75792,0.01
-2.511854,-1.253617,20.75792,0.01
-1.682396,-1.053949,20.75792,0.01
0.1645134,-0.8442545,20.75792,0.01
0.6533765,-0.7006805,20.75792,0.01
0.695215,-0.6857888,20.75792,0.01
0.7158281,-0.6712986,20.75792,0.01
0.7309649,-0.6788042,20.75792,0.01
0.7559866,-0.6866385,20.75792,0.01
0.7704672,-0.6864895,20.75792,0.01
0.7791459,-0.6852818,20.75792,0.01
0.7724419,-0.69361,20.75792,0.01
0.7652262,-0.7092561,20.75792,0.01
0.7544519,-0.7132629,20.75792,0.01
0.7493577,-0.7091045,20.75792,0.01
0.7529159,-0.6870373,20.75792,0.01
0.7600169,-0.6448187,20.75792,0.01
0.7800565,-0.6295291,20.75792,0.01
0.7861959,-0.6275722,20.75792,0.01
0.7969779,-0.6130737,20.75792,0.01
0.797007,-0.6030074,20.75792,0.01
0.7961642,-0.6046346,20.75792,0.01
0.8087969,-0.6199116,20.75792,0.01
0.822596,-0.6401483,20.75792,0.01
0.8379031,-0.6172134,20.75792,0.01
1.013924,0.5773856,20.75792,0.01
1.167369,1.332628,20.75792,0.01
1.251327,1.570013,20.75792,0.01
1.281473,1.655368,20.75792,0.01
1.302823,1.6597,20.75792,0.01
1.319989,1.673008,20.75792,0.01
1.356846,2.688606,20.75792,0.01
1.380263,3.22155,20.75792,0.01
1.396255,3.341968,20.75792,0.01
1.413885,3.403506,20.75792,0.01
1.416701,3.437112,20.75792,0.01
1.430207,3.493915,20.75792,0.01
1.429987,3.570114,20.75792,0.01
1.422584,3.601045,20.75792,0.01
1.407538,3.617179,20.75792,0.01
1.400077,3.581298,20.75792,0.01
1.41622,3.540106,20.75792,0.01
1.434363,3.505856,20.75792,0.01
1.452559,3.485416,20.75792,0.01
1.454237,3.478912,20.75792,0.01
1.447067,3.484083,20.75792,0.01
1.425879,3.500286,20.75792,0.01
1.422739,3.50023,20.75792,0.01
1.419658,3.496138,20.75792,0.01
1.407471,3.49362,20.75792,0.01
1.393999,3.489768,20.75792,0.01
1.38197,3.491285,20.75792,0.01
1.369613,3.505076,20.75792,0.01
1.20012,2.681658,20.75792,0.01
1.401505,3.531734,20.75792,0.01
0.3174058,1.584428,20.75792,0.01
1.666278,2.845918,20.75792,0.01
2.303988,3.428848,20.75792,0.01
1.894412,2.659919,20.75792,0.01
1.831313,2.326279,20.75792,0.01
1.683279,2.156931,20.75792,0.01
1.617511,2.100355,20.75792,0.01
1.575194,2.06971,20.75792,0.01
1.555867,2.06228,20.75792,0.01
1.553396,2.060338,20.75792,0.01
1.546613,2.068832,20.75792,0.01
1.552083,2.076042,20.75792,0.01
1.551197,2.075599,20.75792,0.01
1.388317,1.869382,20.75792,0.01
1.078847,1.456731,20.75792,0.01
0.9119626,1.273746,20.75792,0.01
0.8150016,1.179844,20.75792,0.01
0.8337762,0.8320441,20.75792,0.01
0.140252,0.8524762,20.75792,0.01
-0.12886,0.8967261,20.75792,0.01
-0.2076463,0.9638294,20.75792,0.01
-0.2061065,0.9876267,20.75792,0.01
-0.2285646,0.99642,20.75792,0.01
-0.2423182,1.011899,20.75792,0.01
-0.2724458,1.020158,20.75792,0.01
0.1092652,-0.2578456,20.75792,0.01
0.1622115,-0.1529945,20.75792,0.01
0.02784288,0.4322531,20.75792,0.01
-0.09906434,0.8187004,20.75792,0.01
-0.2036977,0.9559705,20.75792,0.01
-0.2282859,0.9938835,20.75792,0.01
-0.2436474,1.037271,20.75792,0.01
-0.2605631,1.072268,20.75792,0.01
-0.2784986,1.096041,20.75792,0.01
-0.2956191,1.095963,20.75792,0.01
-0.2947017,1.096007,20.75792,0.01
-0.2861307,1.083546,20.75792,0.01
-0.2806679,1.067191,20.75792,0.01
-0.2653345,1.054822,20.75792,0.01
-0.2665538,1.047841,20.75792,0.01
-0.2662968,1.043738,20.75792,0.01
-0.2731789,1.045561,20.75792,0.01
-0.2777775,1.047093,20.75792,0.01
0.1920447,0.3484177,20.75792,0.01
0.6143994,-0.3558536,20.75792,0.01
0.7933865,-0.4928139,20.75792,0.01
0.8370568,-0.5605801,20.75792,0.01
0.850124,-0.6036876,20.75792,0.01
0.8562093,-0.5993112,20.75792,0.01
0.8545836,-0.6101028,20.75792,0.01
0.8493011,-0.6282022,20.75792,0.01
0.8476003,-0.6442357,20.75792,0.01
0.8440916,-0.6773698,20.75792,0.01
0.84692,-0.6996707,20.75792,0.01
0.8473003,-0.7116437,20.75792,0.01
0.8458565,-0.7091168,20.75792,0.01
0.7108275,-0.4770402,20.75792,0.01
0.557402,-0.09811127,20.75792,0.01
0.466113,0.04477352,20.75792,0.01
0.4197789,0.1139892,20.75792,0.01
0.4061176,0.1252767,20.75792,0.01
0.3904522,0.1400711,20.75792,0.01
0.3932588,0.1398806,20.75792,0.01
0.533726,1.145953,20.75792,0.01
0.6987035,1.75794,20.75792,0.01
0.8213162,1.956542,20.75792,0.01
0.8848141,1.994892,20.75792,0.01
0.9049024,2.018143,20.75792,0.01
0.9137408,2.061061,20.75792,0.01
0.9388223,2.084978,20.75792,0.01
0.9781346,2.094573,20.75792,0.01
1.756099,2.579965,20.75792,0.01
2.407743,3.070495,20.75792,0.01
2.545828,3.210107,20.75792,0.01
2.591211,3.251876,20.75792,0.01
2.594503,3.270079,20.75792,0.01
2.611564,3.274535,20.75792,0.01
2.619956,3.291517,20.75792,0.01
2.612115,3.300761,20.75792,0.01
3.439943,3.222749,20.75792,0.01
5.821257,3.082405,20.75791,0.01
6.067111,3.066148,20.75791,0.01
6.113261,2.999694,20.75791,0.01
6.130652,2.953514,20.75791,0.01
6.16079,2.92135,20.75791,0.01
6.149076,2.91649,20.75791,0.01
6.160244,2.914726,20.75791,0.01
7.143914,2.799255,20.75791,0.01
7.806025,2.660706,20.75791,0.01
8.047598,2.53641,20.75791,0.01
8.10512,2.483449,20.75791,0.01
8.109346,2.455704,20.75791,0.01
8.119944,2.428855,20.75791,0.01
8.141754,2.414819,20.75791,0.01
8.165749,2.391455,20.75791,0.01
7.797429,2.275106,20.75791,0.01
1.875642,1.055695,20.75792,0.01
1.333988,0.6783015,20.75792,0.01
1.270692,0.5620468,20.75792,0.01
1.21783,0.5078702,20.75792,0.01
1.232037,0.490938,20.75792,0.01
1.24475,0.4862671,20.75792,0.01
1.243968,0.4930286,20.75792,0.01
1.172093,0.4974505,20.75792,0.01
0.08530428,0.518909,20.75792,0.01
-0.4431909,0.5043375,20.75792,0.01
-0.5178441,0.4820068,20.75792,0.01
-0.5470494,0.4645242,20.75792,0.01
-0.5607712,0.3731304,20.75792,0.01
-0.6296672,-0.6347142,20.75792,0.01
-0.6717679,-1.071412,20.75792,0.01
-0.7081048,-1.212686,20.75792,0.01
-0.7338058,-1.275957,20.75792,0.01
-0.7573983,-1.300359,20.75792,0.01
-0.7709007,-1.316511,20.75792,0.01
-0.7903844,-1.316803,20.75792,0.01
-0.801273,-1.303572,20.75792,0.01
-0.8187441,-1.293544,20.75792,0.01
-0.6946383,-2.353946,20.75792,0.01
-0.5808363,-2.812825,20.75792,0.01
-0.5137594,-2.973955,20.75792,0.01
-0.4960772,-3.013773,20.75792,0.01
-0.4722703,-3.038662,20.75792,0.01
-0.4512748,-3.054073,20.75792,0.01
-0.4429262,-3.070188,20.75792,0.01
-0.5003465,-3.025255,20.75792,0.01
-1.469649,-1.576771,20.75792,0.01
-1.760732,-1.180933,20.75792,0.01
-1.895946,-1.055967,20.75792,0.01
-1.951171,-0.9966947,20.75792,0.01
-1.951505,-0.980644,20.75792,0.01
-1.947224,-0.9864081,20.75792,0.01
-2.490386,-1.03,20.75792,0.01
-2.696222,-1.050522,20.75792,0.01
-2.794095,-1.070963,20.75792,0.01
-2.856372,-1.096446,20.75792,0.01
-2.882309,-1.109251,20.75792,0.01
-2.894987,-1.118062,20.75792,0.01
-2.891032,-1.11953,20.75792,0.01
-3.021768,-0.7944525,20.75792,0.01
-3.269468,0.1082932,20.75792,0.01
-3.444191,0.4781007,20.75792,0.01
-3.511899,0.527604,20.75792,0.01
-3.543878,0.5460818,20.75792,0.01
-3.569962,0.5608558,20.75792,0.01
-3.583199,0.5836502,20.75792,0.01
-3.584021,0.5821869,20.75792,0.01
-3.576003,0.5672076,20.75792,0.01
-3.569243,0.5633734,20.75792,0.01
-3.559664,0.5669956,20.75792,0.01
-3.56788,0.5839143,20.75792,0.01
-3.577652,0.5946735,20.75792,0.01
-3.60136,0.6026763,20.75792,0.01
-3.612572,0.6097143,20.75792,0.01
-3.618844,0.6042346,20.75792,0.01
-3.619531,0.5969952,20.75792,0.01
-3.62091,0.5858685,20.75792,0.01
-3.622119,0.5757861,20.75792,0.01
-3.61859,0.5638592,20.75792,0.01
-3.616673,0.5545995,20.75792,0.01
-3.620114,0.5364625,20.75792,0.01
-3.623589,0.5283473,20.75792,0.01
-3.640389,0.5261457,20.75792,0.01
-3.663826,0.5257777,20.75792,0.01
-3.750424,0.4817089,20.75792,0.01
-3.798111,0.4488211,20.75792,0.01
-3.828922,0.424046,20.75792,0.01
-3.8449,0.4051476,20.75792,0.01
-3.851901,0.4130683,20.75792,0.01
-3.855623,0.4057846,20.75792,0.01
-3.85556,0.3841466,20.75792,0.01
-3.850376,0.3711465,20.75792,0.01
-3.846321,0.3680989,20.75792,0.01
-3.846612,0.3766955,20.75792,0.01
-3.858554,0.3927242,20.75792,0.01
-3.840126,0.4226209,20.75792,0.01
-0.7347378,2.06714,20.75792,0.01
0.3939797,2.827142,20.75792,0.01
0.6052003,2.960883,20.75792,0.01
0.644493,2.938351,20.75792,0.01
0.63708,2.984105,20.75792,0.01
0.6569532,3.017466,20.75792,0.01
0.6788238,3.017724,20.75792,0.01
0.699559,3.036438,20.75792,0.01
0.9642117,3.186369,20.75792,0.01
1.190038,3.321511,20.75792,0.01
1.231708,3.397479,20.75792,0.01
1.257577,3.45393,20.75792,0.01
1.253409,3.481642,20.75792,0.01
1.257863,3.487365,20.75792,0.01
1.266976,3.492366,20.75792,0.01
1.271835,3.50139,20.75792,0.01
1.266963,3.514498,20.75792,0.01
1.261648,3.524796,20.75792,0.01
1.256055,3.540906,20.75792,0.01
1.255503,3.542972,20.75792,0.01
1.266609,3.534743,20.75792,0.01
1.281779,3.510172,20.75792,0.01
1.527585,1.291292,20.75792,0.01
1.689967,0.5678199,20.75792,0.01
1.738137,0.3976201,20.75792,0.01
1.76543,0.3194479,20.75792,0.01
1.796575,0.2894818,20.75792,0.01
1.825735,0.270044,20.75792,0.01
1.847842,0.2556215,20.75792,0.01
1.86695,0.2255543,20.75792,0.01
1.852889,0.08054206,20.75792,0.01
1.593456,-0.5089891,20.75792,0.01
1.422674,-0.8098056,20.75792,0.01
1.323238,-0.9307372,20.75792,0.01
1.309592,-0.9791515,20.75792,0.01
0.7605311,-2.031345,20.75792,0.01
1.344057,-2.775676,20.75792,0.01
1.147223,-2.259315,20.75792,0.01
0.9681406,-2.174154,20.75792,0.01
0.9131697,-2.058964,20.75792,0.01
0.8431697,-2.010949,20.75792,0.01
0.8728818,-2.26356,20.75792,0.01
0.7098078,-2.058495,20.75792,0.01
0.3515333,-2.127443,20.75792,0.01
-0.07028102,-1.746711,20.75792,0.01
-0.2878558,-1.47998,20.75792,0.01
-0.3953428,-1.500956,20.75792,0.01
-0.5473143,-1.481365,20.75792,0.01
-0.7336264,-2.57364,20.75792,0.01
-0.8617088,-3.790485,20.75792,0.01
