x,y,z,size,center,sizeX, sizeY
,,,,1,20,10
2.190202,4.019443,32.79956,0.01
2.190202,4.019443,32.79956,0.01
2.190202,4.019443,32.79956,0.01
2.301498,4.475788,32.79956,0.01
2.301498,4.475788,32.79956,0.01
2.301498,4.475788,32.79956,0.01
2.301498,4.475788,32.79956,0.01
-0.9681863,-0.7800671,32.79956,0.01
-0.9681863,-0.7800671,32.79956,0.01
-0.9681863,-0.7800671,32.79956,0.01
-2.660002,-2.879254,32.79956,0.01
-2.660002,-2.879254,32.79956,0.01
-2.660002,-2.879254,32.79956,0.01
-2.526513,-1.661437,32.79956,0.01
-2.526513,-1.661437,32.79956,0.01
-2.526513,-1.661437,32.79956,0.01
-2.39728,-1.170878,32.79956,0.01
-2.39728,-1.170878,32.79956,0.01
-2.39728,-1.170878,32.79956,0.01
-2.39728,-1.170878,32.79956,0.01
-2.240863,-0.9402863,32.79956,0.01
-2.240863,-0.9402863,32.79956,0.01
-2.240863,-0.9402863,32.79956,0.01
-2.163748,-0.8682545,32.79956,0.01
-2.163748,-0.8682545,32.79956,0.01
-2.163748,-0.8682545,32.79956,0.01
-2.053259,-0.8370087,32.79956,0.01
-2.041449,-0.8326082,32.79956,0.01
-2.041449,-0.8326082,32.79956,0.01
-2.041449,-0.8326082,32.79956,0.01
-2.006731,-0.8556976,32.79956,0.01
-2.006731,-0.8556976,32.79956,0.01
-2.006731,-0.8556976,32.79956,0.01
-2.208852,-0.8893715,32.79956,0.01
-2.208852,-0.8893715,32.79956,0.01
-2.208852,-0.8893715,32.79956,0.01
-2.320141,-0.8865762,32.79956,0.01
-2.320141,-0.8865762,32.79956,0.01
-2.320141,-0.8865762,32.79956,0.01
-2.320141,-0.8865762,32.79956,0.01
-2.333576,-0.8969903,32.79956,0.01
-2.333576,-0.8969903,32.79956,0.01
-2.333576,-0.8969903,32.79956,0.01
-2.308929,-0.8477933,32.79956,0.01
-2.308929,-0.8477933,32.79956,0.01
-2.308929,-0.8477933,32.79956,0.01
-2.317933,-0.802256,32.79956,0.01
-2.317933,-0.802256,32.79956,0.01
-2.317933,-0.802256,32.79956,0.01
-2.342138,-0.8064981,32.79956,0.01
-2.349805,-0.8139343,32.79956,0.01
-2.349805,-0.8139343,32.79956,0.01
-2.349805,-0.8139343,32.79956,0.01
-2.391263,-0.8593796,32.79956,0.01
-2.391263,-0.8593796,32.79956,0.01
-2.391263,-0.8593796,32.79956,0.01
-2.950998,-0.8863286,32.79956,0.01
-2.950998,-0.8863286,32.79956,0.01
-2.950998,-0.8863286,32.79956,0.01
-4.012653,-0.8560911,32.79956,0.01
-4.012653,-0.8560911,32.79956,0.01
-4.012653,-0.8560911,32.79956,0.01
-4.012653,-0.8560911,32.79956,0.01
-3.46951,-1.686065,32.79956,0.01
-3.46951,-1.686065,32.79956,0.01
-3.46951,-1.686065,32.79956,0.01
-3.191228,-0.3848464,32.79956,0.01
-3.191228,-0.3848464,32.79956,0.01
-3.191228,-0.3848464,32.79956,0.01
-0.7894319,-0.4692621,32.79956,0.01
-0.7894319,-0.4692621,32.79956,0.01
-0.7894319,-0.4692621,32.79956,0.01
-0.7894319,-0.4692621,32.79956,0.01
-0.4612399,-0.6325761,32.79956,0.01
-0.4612399,-0.6325761,32.79956,0.01
-0.4612399,-0.6325761,32.79956,0.01
-0.4984414,-0.697183,32.79956,0.01
-0.4984414,-0.697183,32.79956,0.01
-0.4984414,-0.697183,32.79956,0.01
-0.4425628,-0.7239418,32.79956,0.01
-0.4425628,-0.7239418,32.79956,0.01
-0.4425628,-0.7239418,32.79956,0.01
-0.4425628,-0.7239418,32.79956,0.01
-0.4061467,-0.7972779,32.79956,0.01
-0.4061467,-0.7972779,32.79956,0.01
-0.4061467,-0.7972779,32.79956,0.01
-0.3620737,-0.8208044,32.79956,0.01
-0.3620737,-0.8208044,32.79956,0.01
-0.3620737,-0.8208044,32.79956,0.01
-0.1516818,-0.8367132,32.79956,0.01
-0.1516818,-0.8367132,32.79956,0.01
-0.1516818,-0.8367132,32.79956,0.01
-0.1516818,-0.8367132,32.79956,0.01
-0.119173,-0.7790148,32.79956,0.01
-0.119173,-0.7790148,32.79956,0.01
-0.119173,-0.7790148,32.79956,0.01
-0.1992277,-0.6840221,32.79956,0.01
-0.1992277,-0.6840221,32.79956,0.01
-0.1992277,-0.6840221,32.79956,0.01
-0.2798102,-0.7121586,32.79956,0.01
-0.2798102,-0.7121586,32.79956,0.01
-0.2798102,-0.7121586,32.79956,0.01
-0.3822166,-0.760372,32.79956,0.01
-0.3822166,-0.760372,32.79956,0.01
-0.3822166,-0.760372,32.79956,0.01
-0.3822166,-0.760372,32.79956,0.01
0.5926911,-2.825122,32.79956,0.01
0.5926911,-2.825122,32.79956,0.01
0.5926911,-2.825122,32.79956,0.01
0.6047619,-2.880757,32.79956,0.01
0.6022131,-2.933036,32.79956,0.01
0.6297276,-2.980726,32.79956,0.01
0.6297846,-2.971587,32.79956,0.01
0.6598523,-2.987324,32.79956,0.01
0.6739404,-2.978979,32.79956,0.01
0.6656862,-2.960068,32.79956,0.01
0.6579669,-2.94135,32.79956,0.01
0.6631716,-2.923588,32.79956,0.01
0.6344609,-2.914772,32.79956,0.01
0.6286936,-2.909174,32.79956,0.01
0.5966715,-2.87968,32.79956,0.01
0.5730432,-2.864719,32.79956,0.01
0.5740847,-2.84847,32.79956,0.01
0.5444731,-2.839565,32.79956,0.01
0.5123634,-2.821859,32.79956,0.01
0.5023983,-2.834051,32.79956,0.01
0.4673863,-2.821918,32.79956,0.01
0.3740553,-2.76945,32.79956,0.01
0.3345822,-2.748738,32.79956,0.01
0.2991491,-2.723453,32.79956,0.01
0.2805111,-2.719301,32.79956,0.01
0.2697045,-2.747504,32.79956,0.01
0.2696506,-2.742887,32.79956,0.01
0.3392501,-0.767611,32.79956,0.01
0.3730504,0.9114868,32.79956,0.01
0.3665996,1.011987,32.79956,0.01
0.3716065,1.093492,32.79956,0.01
0.3710474,1.109437,32.79956,0.01
0.3960178,1.123941,32.79956,0.01
0.3901602,1.144941,32.79956,0.01
0.3914328,1.255609,32.79956,0.01
0.5515296,2.541415,32.79956,0.01
0.7021706,3.167758,32.79956,0.01
0.810152,3.401926,32.79956,0.01
0.8698352,3.453443,32.79956,0.01
0.9039218,3.472002,32.79956,0.01
0.9219634,3.483776,32.79956,0.01
0.9174696,3.47476,32.79956,0.01
0.8966219,3.460531,32.79956,0.01
0.8624578,3.44618,32.79956,0.01
0.8667739,3.443091,32.79956,0.01
0.9134871,3.445786,32.79956,0.01
0.9593278,3.422028,32.79956,0.01
1.003555,3.410835,32.79956,0.01
1.052608,3.387428,32.79956,0.01
1.050166,3.373055,32.79956,0.01
1.272126,3.397941,32.79956,0.01
1.566913,3.477793,32.79956,0.01
1.770247,3.563101,32.79956,0.01
1.857924,3.58683,32.79956,0.01
1.92333,3.594224,32.79956,0.01
1.965016,3.598727,32.79956,0.01
1.969363,3.593652,32.79956,0.01
1.952208,3.60047,32.79956,0.01
1.933907,3.597322,32.79956,0.01
1.9069,3.603644,32.79956,0.01
1.896248,3.588438,32.79956,0.01
1.90351,3.558565,32.79956,0.01
1.893613,3.539958,32.79956,0.01
1.838414,3.541935,32.79956,0.01
1.776107,3.565004,32.79956,0.01
1.744537,3.582905,32.79956,0.01
1.714691,3.596715,32.79956,0.01
1.69866,3.594036,32.79956,0.01
1.676199,3.580962,32.79956,0.01
1.673171,3.564758,32.79956,0.01
1.6748,3.545884,32.79956,0.01
1.677808,3.527131,32.79956,0.01
1.69144,3.516096,32.79956,0.01
1.691499,3.496056,32.79956,0.01
1.678623,3.47898,32.79956,0.01
1.651725,3.462588,32.79956,0.01
1.627219,3.450475,32.79956,0.01
1.59754,3.449025,32.79956,0.01
1.575555,3.449978,32.79956,0.01
1.558818,3.458598,32.79956,0.01
1.561639,3.459962,32.79956,0.01
1.574801,3.462095,32.79956,0.01
1.584691,3.4486,32.79956,0.01
1.605424,3.439831,32.79956,0.01
1.619894,3.411561,32.79956,0.01
1.623714,3.405744,32.79956,0.01
1.609905,3.406991,32.79956,0.01
1.593835,3.410448,32.79956,0.01
1.58662,3.403442,32.79956,0.01
1.572873,3.401057,32.79956,0.01
1.569842,3.395277,32.79956,0.01
1.566422,3.396513,32.79956,0.01
1.566333,3.394631,32.79956,0.01
1.575068,3.394152,32.79956,0.01
1.585331,3.398924,32.79956,0.01
1.59404,3.398306,32.79956,0.01
1.616528,3.395584,32.79956,0.01
1.622609,3.39007,32.79956,0.01
1.635666,3.392013,32.79956,0.01
1.639158,3.403096,32.79956,0.01
1.63558,3.414088,32.79956,0.01
1.626346,3.414682,32.79956,0.01
1.625264,3.408687,32.79956,0.01
1.601113,3.410946,32.79956,0.01
1.579999,3.41264,32.79956,0.01
1.561112,3.406134,32.79956,0.01
1.544188,3.401451,32.79956,0.01
1.537798,3.395907,32.79956,0.01
1.533673,3.395697,32.79956,0.01
1.53522,3.398661,32.79956,0.01
1.532078,3.399539,32.79956,0.01
1.536942,3.405587,32.79956,0.01
1.531163,3.405569,32.79956,0.01
1.530198,3.417754,32.79956,0.01
1.536419,3.424403,32.79956,0.01
1.540796,3.415537,32.79956,0.01
1.560514,3.395392,32.79956,0.01
1.593076,3.364361,32.79956,0.01
1.586086,3.32761,32.79956,0.01
1.581312,3.288135,32.79956,0.01
1.576697,3.2508,32.79956,0.01
1.582729,3.244778,32.79956,0.01
1.574775,3.278437,32.79956,0.01
1.562525,3.298085,32.79956,0.01
1.555341,3.321326,32.79956,0.01
0.4890305,2.934557,32.79956,0.01
-2.510575,1.680684,32.79956,0.01
-3.343898,1.14432,32.79956,0.01
-3.518562,0.9199304,32.79956,0.01
-3.560472,0.865759,32.79956,0.01
-3.58416,0.8134173,32.79956,0.01
-3.605059,0.7646469,32.79956,0.01
-3.619606,0.7503114,32.79956,0.01
-3.643452,0.7496564,32.79956,0.01
-3.841029,0.6688813,32.79956,0.01
-3.972469,0.6110912,32.79956,0.01
-4.041174,0.5736789,32.79956,0.01
-4.087425,0.5313592,32.79956,0.01
-4.112302,0.5038615,32.79956,0.01
-4.119597,0.4788921,32.79956,0.01
-4.123682,0.4533445,32.79956,0.01
-4.128064,0.429037,32.79956,0.01
-5.970377,0.2977557,32.79956,0.01
-8.100771,-0.1339842,32.79956,0.01
-8.384282,-0.3492985,32.79956,0.01
-8.460526,-0.4591094,32.79956,0.01
-8.634344,-0.4702775,32.79956,0.01
-8.568613,-0.5459367,32.79956,0.01
-8.573788,-0.5798429,32.79956,0.01
-8.564926,-0.5871838,32.79956,0.01
-8.550912,-0.5957279,32.79956,0.01
-8.531833,-0.6210927,32.79956,0.01
-8.524017,-0.6377032,32.79956,0.01
-8.532188,-0.6617875,32.79956,0.01
-8.550511,-0.6614618,32.79956,0.01
-8.598232,-0.6796722,32.79956,0.01
-8.610805,-0.6883565,32.79956,0.01
-8.634845,-0.6945595,32.79956,0.01
-8.584309,-0.7305472,32.79956,0.01
-8.543237,-0.7626199,32.79956,0.01
-8.499594,-0.7836682,32.79956,0.01
-8.489161,-0.7769541,32.79956,0.01
-8.464609,-0.7768127,32.79956,0.01
-8.449327,-0.7549,32.79956,0.01
-8.422553,-0.7533077,32.79956,0.01
-8.413787,-0.7527657,32.79956,0.01
-8.395592,-0.7567647,32.79956,0.01
-8.389742,-0.7597759,32.79956,0.01
-8.391724,-0.7726902,32.79956,0.01
-8.397412,-0.7723125,32.79956,0.01
-8.396668,-0.7675688,32.79956,0.01
-8.391207,-0.771082,32.79956,0.01
-8.380829,-0.7807734,32.79956,0.01
-7.146672,-1.073664,32.79956,0.01
0.7538139,-2.726827,32.79956,0.01
1.541182,-3.199337,32.79956,0.01
1.615031,-3.365202,32.79956,0.01
1.680146,-3.450743,32.79956,0.01
1.704809,-3.481389,32.79956,0.01
1.755752,-3.51622,32.79956,0.01
1.77967,-3.536618,32.79956,0.01
1.788661,-3.565888,32.79956,0.01
1.786238,-3.579281,32.79956,0.01
1.787426,-3.603912,32.79956,0.01
1.778932,-3.622236,32.79956,0.01
1.764196,-3.617099,32.79956,0.01
1.74184,-3.613713,32.79956,0.01
1.748687,-3.619215,32.79956,0.01
1.751031,-3.698555,32.79956,0.01
1.775398,-3.844114,32.79956,0.01
1.765532,-3.934679,32.79956,0.01
1.761529,-4.003775,32.79956,0.01
8.006805,-4.024709,32.79956,0.01
10.93573,-3.713732,32.79956,0.01
11.28007,-3.485015,32.79956,0.01
11.28947,-3.410264,32.79956,0.01
11.25189,-3.379766,32.79956,0.01
11.28559,-3.304422,32.79956,0.01
11.2649,-3.197258,32.79956,0.01
11.28607,-3.096052,32.79956,0.01
10.96435,1.680061,32.79956,0.01
10.53136,2.516567,32.79956,0.01
10.34715,2.696806,32.79956,0.01
10.2954,2.740757,32.79956,0.01
10.21479,3.804148,32.79956,0.01
10.08822,5.043102,32.79956,0.01
10.04859,5.249601,32.79956,0.01
10.0231,5.326931,32.79956,0.01
10.00967,5.373431,32.79956,0.01
9.98965,5.384206,32.79956,0.01
9.978042,5.369279,32.79956,0.01
6.224,5.078207,32.79956,0.01
-0.3815992,0.473248,32.79956,0.01
0.5220669,5.526667,32.79956,0.01
0.5857238,4.088636,32.79956,0.01
-2.516932,-1.567643,32.79956,0.01
-0.4045397,2.609086,32.79956,0.01
1.008864,2.626437,32.79956,0.01
0.4070911,3.532567,32.79956,0.01
1.344622,5.666122,32.79956,0.01
2.363337,5.662103,32.79956,0.01
2.602229,5.447743,32.79956,0.01
2.286688,4.447824,32.79956,0.01
1.658865,3.845139,32.79956,0.01
1.35133,3.688662,32.79956,0.01
1.311493,3.651235,32.79956,0.01
1.300081,3.619909,32.79956,0.01
1.299595,3.591958,32.79956,0.01
1.302551,3.568952,32.79956,0.01
1.281701,3.527966,32.79956,0.01
1.32097,3.28169,32.79956,0.01
1.34,3.113528,32.79956,0.01
1.376436,2.988218,32.79956,0.01
1.371061,2.935221,32.79956,0.01
1.360573,2.890797,32.79956,0.01
1.369048,2.866421,32.79956,0.01
1.379839,2.865772,32.79956,0.01
1.408853,2.87013,32.79956,0.01
1.464147,2.855624,32.79956,0.01
1.500409,2.842778,32.79956,0.01
1.50715,2.818803,32.79956,0.01
1.52171,2.808207,32.79956,0.01
1.504753,2.828966,32.79956,0.01
1.473567,2.84161,32.79956,0.01
1.450474,2.832823,32.79956,0.01
1.446983,2.815672,32.79956,0.01
1.468969,2.801763,32.79956,0.01
1.499296,2.789849,32.79956,0.01
1.562992,0.2896649,32.79956,0.01
1.650196,-0.7568333,32.79956,0.01
1.775137,-1.134041,32.79956,0.01
1.829052,-1.267526,32.79956,0.01
1.872224,-1.310818,32.79956,0.01
1.891174,-1.356379,32.79956,0.01
1.93688,-1.395965,32.79956,0.01
1.939204,-1.415928,32.79956,0.01
1.927961,-1.517075,32.79956,0.01
1.766844,-3.523902,32.79956,0.01
1.692039,-4.019943,32.79956,0.01
1.277537,-3.826958,32.79956,0.01
1.237758,-3.642177,32.79956,0.01
1.195645,-3.540256,32.79956,0.01
1.180407,-3.483749,32.79956,0.01
1.178577,-3.46583,32.79956,0.01
1.303001,-2.186006,32.79956,0.01
1.475071,-1.067722,32.79956,0.01
1.550455,-0.7161968,32.79956,0.01
1.649794,-0.5728949,32.79956,0.01
1.703053,-0.5508835,32.79956,0.01
1.722465,-0.5717009,32.79956,0.01
1.726355,-0.5992014,32.79956,0.01
1.707744,-0.611858,32.79956,0.01
1.68905,-0.5947014,32.79956,0.01
1.676333,-0.5699213,32.79956,0.01
1.659571,-0.5736462,32.79956,0.01
1.531703,-0.6230247,32.79956,0.01
1.327475,-0.7714385,32.79956,0.01
1.199453,-0.8500907,32.79956,0.01
1.107672,-0.897364,32.79956,0.01
1.06396,-0.9374971,32.79956,0.01
1.048018,-0.9998513,32.79956,0.01
1.053131,-1.014205,32.79956,0.01
1.06451,-1.034169,32.79956,0.01
1.056887,-1.074202,32.79956,0.01
1.062188,-1.101531,32.79956,0.01
1.169776,-1.127472,32.79956,0.01
4.664268,-1.30426,32.79956,0.01
5.427357,-1.361747,32.79956,0.01
5.598754,-1.386739,32.79956,0.01
5.700442,-1.372443,32.79956,0.01
5.749575,-1.351304,32.79956,0.01
5.804774,-1.358877,32.79956,0.01
5.880643,-1.347803,32.79956,0.01
5.887812,-1.348925,32.79956,0.01
6.20869,-1.09542,32.79956,0.01
6.884921,0.329908,32.79956,0.01
7.207594,0.6704062,32.79956,0.01
7.307467,0.5292862,32.79956,0.01
4.400806,-0.54633,32.79956,0.01
-0.5895038,-0.7226799,32.79956,0.01
-1.31242,0.05481589,32.79956,0.01
-1.427626,0.6445668,32.79956,0.01
-1.44463,0.825529,32.79956,0.01
-1.411794,0.9201524,32.79956,0.01
-1.407854,0.97,32.79956,0.01
-1.402945,0.9508663,32.79956,0.01
-1.458043,0.5524938,32.79956,0.01
-2.138186,0.3294717,32.79956,0.01
-3.093566,0.6709924,32.79956,0.01
-3.313152,0.824886,32.79956,0.01
-3.411576,0.9037414,32.79956,0.01
-3.422849,0.942835,32.79956,0.01
-3.461887,0.9450947,32.79956,0.01
-3.784861,0.7334722,32.79956,0.01
-3.909187,0.5530751,32.79956,0.01
-4.003576,0.4257295,32.79956,0.01
-4.090978,0.2913086,32.79956,0.01
-4.1509,0.234543,32.79956,0.01
-4.259744,0.196642,32.79956,0.01
-4.340666,0.1550249,32.79956,0.01
-4.400848,0.1380923,32.79956,0.01
-4.419,0.136319,32.79956,0.01
-4.403157,0.1408095,32.79956,0.01
-4.361335,0.1514872,32.79956,0.01
-4.2849,0.1517239,32.79956,0.01
-4.223385,0.1740382,32.79956,0.01
-4.192386,0.2182341,32.79956,0.01
-4.182697,0.2735754,32.79956,0.01
-4.26138,0.4753924,32.79956,0.01
-4.695115,1.31646,32.79956,0.01
-4.867042,1.521288,32.79956,0.01
-4.951505,1.595708,32.79956,0.01
-4.989407,1.607504,32.79956,0.01
-4.979228,1.626099,32.79956,0.01
-4.957118,1.626414,32.79956,0.01
-4.965308,1.715593,32.79956,0.01
-5.325393,2.41313,32.79956,0.01
-5.519619,2.717028,32.79956,0.01
-5.580529,2.818574,32.79956,0.01
-5.738549,2.873393,32.79956,0.01
-5.884935,2.925713,32.79956,0.01
-6.078734,2.985209,32.79956,0.01
-6.787467,3.195384,32.79956,0.01
-7.139702,3.374898,32.79956,0.01
-7.257906,3.529361,32.79956,0.01
-7.280526,3.569522,32.79956,0.01
-7.271876,3.646846,32.79956,0.01
-7.268717,3.79966,32.79956,0.01
-7.275015,3.842296,32.79956,0.01
-7.3008,3.870564,32.79956,0.01
-7.301028,3.945415,32.79956,0.01
-7.274013,4.019013,32.79956,0.01
-7.238841,4.089165,32.79956,0.01
-7.211165,4.156894,32.79956,0.01
-7.286336,4.215802,32.79956,0.01
-6.727837,4.186241,32.79956,0.01
-5.599617,4.001369,32.79956,0.01
-5.009308,3.924792,32.79956,0.01
-4.898603,3.902175,32.79956,0.01
-4.933652,3.903589,32.79956,0.01
-4.899316,3.870188,32.79956,0.01
-4.860173,3.869916,32.79956,0.01
-4.823731,3.835646,32.79956,0.01
-4.780772,3.815426,32.79956,0.01
-4.757839,3.814281,32.79956,0.01
-2.554141,4.22948,32.79956,0.01
0.8934775,4.856706,32.79956,0.01
0.9640867,5.067497,32.79956,0.01
1.008509,5.197758,32.79956,0.01
0.9201843,5.284654,32.79956,0.01
0.9344061,5.29362,32.79956,0.01
0.9815573,5.330882,32.79956,0.01
0.9998425,5.40391,32.79956,0.01
1.059132,5.399757,32.79956,0.01
1.108218,5.400933,32.79956,0.01
1.134413,5.434905,32.79956,0.01
1.134851,5.464317,32.79956,0.01
1.119699,5.480968,32.79956,0.01
1.168871,5.531323,32.79956,0.01
1.211319,5.532678,32.79956,0.01
1.26742,5.413419,32.79956,0.01
1.156145,5.36686,32.79956,0.01
1.288372,5.390574,32.79956,0.01
1.368684,5.419713,32.79956,0.01
2.071416,5.384642,32.79956,0.01
2.263222,5.382839,32.79956,0.01
2.357684,5.402963,32.79956,0.01
2.364632,5.370222,32.79956,0.01
2.314174,5.367063,32.79956,0.01
2.323008,5.336309,32.79956,0.01
2.405084,5.017841,32.79956,0.01
4.360026,3.640101,32.79956,0.01
7.020423,0.04341882,32.79956,0.01
7.436364,-1.680738,32.79956,0.01
7.44522,-1.916619,32.79956,0.01
7.47765,-1.957916,32.79956,0.01
7.502005,-1.984231,32.79956,0.01
7.527686,-2.012681,32.79956,0.01
7.602405,-2.039361,32.79956,0.01
7.740368,-2.078782,32.79956,0.01
9.247581,-3.208236,32.79956,0.01
5.298903,-3.995594,32.79956,0.01
-0.08409716,-3.628595,32.79956,0.01
-0.6097277,-3.574891,32.79956,0.01
-0.6045619,-3.554885,32.79956,0.01
-1.745906,-3.4475,32.79956,0.01
-4.835734,-3.276996,32.79956,0.01
-5.472018,-3.220813,32.79956,0.01
-5.764072,-3.150431,32.79956,0.01
-5.795795,-3.099122,32.79956,0.01
-5.792597,-3.053946,32.79956,0.01
-6.950603,-2.949869,32.79956,0.01
-7.559323,-2.918738,32.79956,0.01
-7.721843,-2.91528,32.79956,0.01
-7.834488,-2.907359,32.79956,0.01
-7.838501,-2.905666,32.79956,0.01
-7.846043,-2.901771,32.79956,0.01
-7.821446,-2.907327,32.79956,0.01
-7.796934,-2.922797,32.79956,0.01
-7.785316,-2.931014,32.79956,0.01
-7.807864,-2.918434,32.79956,0.01
-7.838216,-2.902251,32.79956,0.01
-7.862129,-2.891149,32.79956,0.01
-7.891518,-2.890614,32.79956,0.01
-7.895694,-2.874102,32.79956,0.01
-7.888165,-2.894306,32.79956,0.01
-7.869571,-2.918661,32.79956,0.01
-7.8681,-2.922681,32.79956,0.01
-7.883608,-2.919034,32.79956,0.01
-7.908632,-2.922103,32.79956,0.01
-7.927607,-2.913918,32.79956,0.01
-7.93661,-2.927551,32.79956,0.01
-6.588243,-3.149847,32.79956,0.01
-2.076816,-2.906314,32.79956,0.01
0.157542,-2.836603,32.79956,0.01
0.7741268,-2.508814,32.79956,0.01
0.6171412,-2.489276,32.79956,0.01
0.7974519,-2.431775,32.79956,0.01
0.97049,-2.405421,32.79956,0.01
0.9643314,-2.36641,32.79956,0.01
0.9692613,-2.3642,32.79956,0.01
0.9682898,-2.412257,32.79956,0.01
0.9479027,-2.431251,32.79956,0.01
0.9525102,-2.470241,32.79956,0.01
1.018456,-2.519779,32.79956,0.01
1.080251,-2.560039,32.79956,0.01
1.111819,-2.588113,32.79956,0.01
1.132454,-2.574557,32.79956,0.01
1.126622,-2.559783,32.79956,0.01
1.087765,-2.535795,32.79956,0.01
1.026573,-2.504597,32.79956,0.01
1.264733,-2.471187,32.79956,0.01
1.59973,-2.472962,32.79956,0.01
1.841791,-2.475462,32.79956,0.01
1.923529,-2.47311,32.79956,0.01
1.975053,-2.480283,32.79956,0.01
2.697725,-2.233641,32.79956,0.01
3.182011,-1.85416,32.79956,0.01
3.151826,-1.510715,32.79956,0.01
3.170989,-1.395287,32.79956,0.01
3.123323,-1.383971,32.79956,0.01
3.046728,-1.367615,32.79956,0.01
2.942591,-1.290499,32.79956,0.01
2.936352,-1.248659,32.79956,0.01
2.933805,-1.208099,32.79956,0.01
2.914496,-1.183671,32.79956,0.01
2.917366,-1.172267,32.79956,0.01
2.93343,-1.164032,32.79956,0.01
2.933819,-1.144774,32.79956,0.01
2.928136,-1.110949,32.79956,0.01
2.921142,-1.066457,32.79956,0.01
2.911763,-1.043845,32.79956,0.01
2.90947,-1.042113,32.79956,0.01
2.931959,-1.089823,32.79956,0.01
3.001782,-1.050152,32.79956,0.01
3.304146,-1.000741,32.79956,0.01
3.353276,-0.9272827,32.79956,0.01
3.325576,-0.8718514,32.79956,0.01
3.199254,-0.8189266,32.79956,0.01
3.023014,-0.8228066,32.79956,0.01
2.826485,-0.815427,32.79956,0.01
2.699051,-0.8435668,32.79956,0.01
2.726252,-0.8835416,32.79956,0.01
2.774235,-0.9127851,32.79956,0.01
2.87281,-0.9069293,32.79956,0.01
2.958453,-0.8666211,32.79956,0.01
2.977983,-0.7707791,32.79956,0.01
2.938128,-0.6743025,32.79956,0.01
2.924816,-0.6156005,32.79956,0.01
2.909636,-0.5881047,32.79956,0.01
2.935959,-0.5823322,32.79956,0.01
2.977949,-0.5844552,32.79956,0.01
3.019251,-0.5919316,32.79956,0.01
3.070064,-0.5915446,32.79956,0.01
3.086533,-0.5874685,32.79956,0.01
3.079886,-0.5854372,32.79956,0.01
3.074302,-0.5352005,32.79956,0.01
3.064722,-0.5010955,32.79956,0.01
3.067822,-0.4765213,32.79956,0.01
3.057276,-0.3316537,32.79956,0.01
3.042477,-0.3123443,32.79956,0.01
3.024611,-0.3147783,32.79956,0.01
3.070558,-0.3029703,32.79956,0.01
3.098028,-0.2539009,32.79956,0.01
3.132606,-0.2326982,32.79956,0.01
-0.7983181,0.2364417,32.79956,0.01
-2.130229,0.3990845,32.79956,0.01
-2.354445,0.3959312,32.79956,0.01
-2.339001,0.4275583,32.79956,0.01
-2.528868,0.4337924,32.79956,0.01
-2.548081,0.4585457,32.79956,0.01
-2.568092,0.4128872,32.79956,0.01
-2.570465,0.4115737,32.79956,0.01
-2.585913,0.3952863,32.79956,0.01
-2.580228,0.3618739,32.79956,0.01
-2.578675,0.3462673,32.79956,0.01
-2.58656,0.3344797,32.79956,0.01
-2.608976,0.3214099,32.79956,0.01
-2.623834,0.3000064,32.79956,0.01
-3.131424,0.09473217,32.79956,0.01
-3.333668,-0.2525442,32.79956,0.01
-3.355649,-0.6124514,32.79956,0.01
-3.356271,-0.6963764,32.79956,0.01
-3.330178,-0.7350689,32.79956,0.01
-3.29549,-0.7605742,32.79956,0.01
-3.267182,-0.774174,32.79956,0.01
-3.272825,-0.7785891,32.79956,0.01
-3.209826,-0.8033824,32.79956,0.01
-2.835235,-0.922661,32.79956,0.01
-2.611642,-0.9900872,32.79956,0.01
-2.50871,-1.039489,32.79956,0.01
-2.458982,-1.078125,32.79956,0.01
-2.448416,-1.09838,32.79956,0.01
-2.387519,-1.124747,32.79956,0.01
-2.389324,-1.130298,32.79956,0.01
-2.388257,-1.123084,32.79956,0.01
-2.381831,-1.137201,32.79956,0.01
-2.384009,-1.141728,32.79956,0.01
-2.373922,-1.166054,32.79956,0.01
-2.368334,-1.153432,32.79956,0.01
-2.366835,-1.148278,32.79956,0.01
-2.36339,-1.126015,32.79956,0.01
-2.295822,-1.034063,32.79956,0.01
-2.228329,-0.9420598,32.79956,0.01
-2.158416,-0.8758121,32.79956,0.01
-2.136053,-0.8313755,32.79956,0.01
-2.12449,-0.8785551,32.79956,0.01
-2.125624,-0.9131173,32.79956,0.01
-2.111852,-0.9725971,32.79956,0.01
-2.11241,-1.011106,32.79956,0.01
-2.115156,-1.011944,32.79956,0.01
-2.115239,-0.9933238,32.79956,0.01
-1.575558,0.1301009,32.79956,0.01
-1.000234,1.728559,32.79956,0.01
-0.8468677,2.412998,32.79956,0.01
-0.5902531,2.973339,32.79956,0.01
-0.4517881,3.137191,32.79956,0.01
-0.4414103,3.241004,32.79956,0.01
-0.4021507,3.262343,32.79956,0.01
-0.4052875,3.251336,32.79956,0.01
-0.4349841,3.265164,32.79956,0.01
0.112572,3.491393,32.79956,0.01
1.041556,3.718878,32.79956,0.01
1.459881,3.964813,32.79956,0.01
1.713145,4.174769,32.79956,0.01
1.826192,4.265559,32.79956,0.01
1.890406,4.29959,32.79956,0.01
1.931039,4.275315,32.79956,0.01
1.940065,4.269324,32.79956,0.01
1.955782,4.256164,32.79956,0.01
1.958646,4.277034,32.79956,0.01
1.959891,4.299704,32.79956,0.01
1.94852,4.321038,32.79956,0.01
1.963996,4.27103,32.79956,0.01
1.950637,4.252665,32.79956,0.01
1.944288,4.241133,32.79956,0.01
1.930033,4.253083,32.79956,0.01
1.831574,4.239195,32.79956,0.01
1.744151,4.199883,32.79956,0.01
1.638816,4.12572,32.79956,0.01
1.618339,4.08605,32.79956,0.01
1.598051,4.004423,32.79956,0.01
1.576163,3.930199,32.79956,0.01
1.539956,3.888157,32.79956,0.01
1.49607,3.809565,32.79956,0.01
1.47328,3.758857,32.79956,0.01
1.456158,3.692978,32.79956,0.01
1.40822,3.584858,32.79956,0.01
1.3772,3.545351,32.79956,0.01
1.338448,3.537848,32.79956,0.01
1.3044,3.647261,32.79956,0.01
1.263265,3.640969,32.79956,0.01
1.282136,3.621009,32.79956,0.01
1.286724,3.600625,32.79956,0.01
1.318595,3.607634,32.79956,0.01
1.318257,3.622458,32.79956,0.01
1.303874,3.631342,32.79956,0.01
1.358267,3.61948,32.79956,0.01
0.5772937,3.596934,32.79956,0.01
-0.8648091,3.42806,32.79956,0.01
-1.234206,3.324244,32.79956,0.01
-1.268792,3.337388,32.79956,0.01
-1.294117,3.368672,32.79956,0.01
-1.310156,3.409623,32.79956,0.01
-1.342382,3.444116,32.79956,0.01
-2.614982,2.946204,32.79956,0.01
-3.684656,2.130138,32.79956,0.01
-4.308032,2.043561,32.79956,0.01
-4.449656,1.946707,32.79956,0.01
-4.378653,1.642502,32.79956,0.01
-4.351089,1.545239,32.79956,0.01
-4.466912,1.570429,32.79956,0.01
-4.405682,1.473354,32.79956,0.01
-4.470914,1.639276,32.79956,0.01
-5.057257,2.072198,32.79956,0.01
-4.882901,2.096856,32.79956,0.01
-5.12186,2.28075,32.79956,0.01
-4.971359,2.143421,32.79956,0.01
-5.200697,2.236181,32.79956,0.01
-5.401,2.354867,32.79956,0.01
-6.236916,2.718356,32.79956,0.01
-6.74603,2.888729,32.79956,0.01
-6.996694,2.906176,32.79956,0.01
-7.050812,2.884002,32.79956,0.01
-7.130429,2.850294,32.79956,0.01
-7.215675,2.841984,32.79956,0.01
-7.261584,2.850575,32.79956,0.01
-7.26834,2.891938,32.79956,0.01
-7.248036,2.925035,32.79956,0.01
-7.230261,2.943166,32.79956,0.01
-7.202731,2.940597,32.79956,0.01
-7.218052,2.919966,32.79956,0.01
-7.209621,2.913761,32.79956,0.01
-7.186542,2.892391,32.79956,0.01
-7.154691,2.901732,32.79956,0.01
-7.124547,2.914846,32.79956,0.01
-6.806928,2.897145,32.79956,0.01
-1.901943,1.941565,32.79956,0.01
-1.194889,1.472959,32.79956,0.01
-1.000257,1.236013,32.79956,0.01
-1.011526,1.225077,32.79956,0.01
-0.9547179,1.184972,32.79956,0.01
-0.8822696,1.16317,32.79956,0.01
-0.845471,1.145885,32.79956,0.01
-0.8419842,1.138054,32.79956,0.01
-0.8426062,1.134941,32.79956,0.01
-0.8135314,1.133187,32.79956,0.01
-0.814826,1.122744,32.79956,0.01
-0.8129189,1.098754,32.79956,0.01
-0.8053504,1.100517,32.79956,0.01
0.6830486,1.025397,32.79956,0.01
1.169778,0.9873117,32.79956,0.01
1.368446,0.9714535,32.79956,0.01
1.404931,0.9926399,32.79956,0.01
1.471966,0.9911422,32.79956,0.01
1.509932,0.9837357,32.79956,0.01
2.521479,0.9548171,32.79956,0.01
5.25442,0.9573809,32.79956,0.01
6.074681,1.057661,32.79956,0.01
6.251634,1.127585,32.79956,0.01
6.252843,1.12554,32.79956,0.01
6.252087,1.123886,32.79956,0.01
6.242053,1.135286,32.79956,0.01
6.222353,1.129053,32.79956,0.01
6.219496,1.128602,32.79956,0.01
7.959729,1.342772,32.79956,0.01
8.546645,1.399473,32.79956,0.01
8.730701,1.498368,32.79956,0.01
8.704955,1.40203,32.79956,0.01
8.714163,1.189803,32.79956,0.01
8.716166,0.9989326,32.79956,0.01
8.699487,0.9193932,32.79956,0.01
8.694962,0.8785958,32.79956,0.01
8.70023,0.8550676,32.79956,0.01
8.715385,0.8299801,32.79956,0.01
8.727478,0.8194856,32.79956,0.01
8.728833,0.7988838,32.79956,0.01
8.674064,0.6370288,32.79956,0.01
7.92856,-0.1719823,32.79956,0.01
7.359669,-0.7171255,32.79956,0.01
7.20028,-0.8732896,32.79956,0.01
7.144279,-0.9374788,32.79956,0.01
7.110166,-0.9741092,32.79956,0.01
7.088922,-1.014086,32.79956,0.01
7.079205,-1.030952,32.79956,0.01
7.077472,-1.031313,32.79956,0.01
6.094011,-0.8561419,32.79956,0.01
4.037748,-0.3023626,32.79956,0.01
3.40923,0.1001808,32.79956,0.01
3.240532,0.2319633,32.79956,0.01
3.165255,0.3057635,32.79956,0.01
3.107095,0.3478412,32.79956,0.01
3.070765,0.3796314,32.79956,0.01
3.070717,0.4068589,32.79956,0.01
2.790747,0.427701,32.79956,0.01
1.648609,0.4651258,32.79956,0.01
1.352242,0.455875,32.79956,0.01
1.259429,0.436866,32.79956,0.01
1.204182,0.4099548,32.79956,0.01
1.002371,0.3564583,32.79956,0.01
0.4029375,0.08806151,32.79956,0.01
0.09143093,-0.1115302,32.79956,0.01
0.04554474,-0.2126226,32.79956,0.01
-0.002125934,-0.2962816,32.79956,0.01
-0.009863019,-0.3553742,32.79956,0.01
-0.04411009,-0.3686121,32.79956,0.01
-0.1008347,-0.3559658,32.79956,0.01
-0.1222513,-0.3559231,32.79956,0.01
-0.1166066,-0.3453606,32.79956,0.01
-0.1233991,-0.3464245,32.79956,0.01
-0.110652,-0.3466085,32.79956,0.01
0.2252537,-0.4322301,32.79956,0.01
0.731315,-0.6159406,32.79956,0.01
1.032869,-0.7166542,32.79956,0.01
1.148734,-0.7624444,32.79956,0.01
1.12039,-0.7909541,32.79956,0.01
1.152059,-0.817423,32.79956,0.01
1.168734,-0.865464,32.79956,0.01
1.14173,-0.8653855,32.79956,0.01
0.542365,-0.8040667,32.79956,0.01
0.3346646,-0.770786,32.79956,0.01
0.2309241,-0.7431287,32.79956,0.01
0.1625718,-0.7408928,32.79956,0.01
0.1532016,-0.7269404,32.79956,0.01
0.1301862,-0.7322456,32.79956,0.01
0.06592207,-0.761791,32.79956,0.01
0.05089806,-0.7907789,32.79956,0.01
0.07745431,-0.8067927,32.79956,0.01
0.08725396,-0.8134348,32.79956,0.01
0.07650772,-0.7958889,32.79956,0.01
0.05379355,-0.7883827,32.79956,0.01
-0.73795,-0.7221042,32.79956,0.01
-1.168645,-0.6889464,32.79956,0.01
-1.286306,-0.6891596,32.79956,0.01
-1.389942,-0.6669917,32.79956,0.01
-1.448224,-0.6575562,32.79956,0.01
-1.469082,-0.6597922,32.79956,0.01
-1.476797,-0.659931,32.79956,0.01
-1.475545,-0.6621301,32.79956,0.01
-1.838332,-0.6696806,32.79956,0.01
-2.339895,-0.664889,32.79956,0.01
-2.666564,-0.6800727,32.79956,0.01
-2.752978,-0.6988935,32.79956,0.01
-2.767382,-0.7117684,32.79956,0.01
-2.727742,-0.732641,32.79956,0.01
-2.742871,-0.7517072,32.79956,0.01
-2.77698,-0.7596253,32.79956,0.01
-2.797374,-0.757102,32.79956,0.01
-2.820128,-0.749927,32.79956,0.01
-2.844642,-0.7432323,32.79956,0.01
-2.840914,-0.7377578,32.79956,0.01
-2.837018,-0.738833,32.79956,0.01
-2.859762,-0.8018332,32.79956,0.01
-2.902261,-0.9507086,32.79956,0.01
-2.918704,-1.009412,32.79956,0.01
-2.916892,-1.071198,32.79956,0.01
-2.908334,-1.111025,32.79956,0.01
-2.905045,-1.130132,32.79956,0.01
-2.891992,-1.145995,32.79956,0.01
-2.750567,-1.154804,32.79956,0.01
-2.649671,-1.158658,32.79956,0.01
-2.567406,-1.176388,32.79956,0.01
-2.541831,-1.188774,32.79956,0.01
-2.512044,-1.183609,32.79956,0.01
-2.49633,-1.171372,32.79956,0.01
-2.499384,-1.178995,32.79956,0.01
-2.519778,-1.174465,32.79956,0.01
-2.580221,-1.151615,32.79956,0.01
-3.472111,-0.03117347,32.79956,0.01
-3.799714,0.4818311,32.79956,0.01
-3.937849,0.6689253,32.79956,0.01
-4.007435,0.7415672,32.79956,0.01
-4.036945,0.75904,32.79956,0.01
-4.069283,0.7541813,32.79956,0.01
-4.099415,0.7529713,32.79956,0.01
-4.122565,0.7510765,32.79956,0.01
-4.158068,0.7654196,32.79956,0.01
-4.199084,0.7965155,32.79956,0.01
-4.195167,0.8072873,32.79956,0.01
-4.231531,1.182442,32.79956,0.01
-4.329463,2.358615,32.79956,0.01
-4.374915,2.617872,32.79956,0.01
-4.437959,2.714731,32.79956,0.01
-4.494747,2.784472,32.79956,0.01
-4.532712,2.785538,32.79956,0.01
-4.548137,2.78902,32.79956,0.01
-4.570977,2.781998,32.79956,0.01
-4.623948,2.79968,32.79956,0.01
-4.605803,2.921591,32.79956,0.01
-1.496953,3.638025,32.79956,0.01
-0.07785098,4.278768,32.79956,0.01
0.08960773,4.397707,32.79956,0.01
0.129654,4.438152,32.79956,0.01
0.1708636,4.460261,32.79956,0.01
0.231534,4.448123,32.79956,0.01
0.2627852,4.445292,32.79956,0.01
0.2648023,4.458089,32.79956,0.01
0.2784351,4.465301,32.79956,0.01
0.2828176,4.454097,32.79956,0.01
0.7629986,4.303703,32.79956,0.01
1.301752,3.970001,32.79956,0.01
1.516843,3.827433,32.79956,0.01
1.632125,3.693063,32.79956,0.01
1.663536,3.654547,32.79956,0.01
1.699211,3.59131,32.79956,0.01
1.719964,3.565671,32.79956,0.01
1.743319,3.544951,32.79956,0.01
1.781268,3.498263,32.79956,0.01
1.800986,3.480757,32.79956,0.01
1.804536,3.449829,32.79956,0.01
1.802761,3.393123,32.79956,0.01
1.817678,3.351267,32.79956,0.01
1.809114,3.351182,32.79956,0.01
1.797189,3.354624,32.79956,0.01
1.797505,3.310298,32.79956,0.01
1.800726,3.267924,32.79956,0.01
1.79639,3.204424,32.79956,0.01
1.7619,3.117575,32.79956,0.01
1.737308,3.080575,32.79956,0.01
1.715953,3.075365,32.79956,0.01
1.692196,3.03252,32.79956,0.01
1.673056,3.022485,32.79956,0.01
1.672926,3.009046,32.79956,0.01
2.087811,3.012269,32.79956,0.01
4.315073,1.072383,32.79956,0.01
7.29416,2.788461,32.79956,0.01
7.850203,3.252955,32.79956,0.01
8.503895,3.411421,32.79956,0.01
8.667435,3.51656,32.79956,0.01
8.691493,3.575007,32.79956,0.01
8.718919,3.565471,32.79956,0.01
8.716026,3.545786,32.79956,0.01
8.725102,3.538619,32.79956,0.01
8.731198,3.509628,32.79956,0.01
8.737316,3.508506,32.79956,0.01
8.742516,3.508334,32.79956,0.01
8.746591,3.512059,32.79956,0.01
8.717321,3.571828,32.79956,0.01
8.716868,3.553526,32.79956,0.01
8.727139,3.561399,32.79956,0.01
8.720937,3.591073,32.79956,0.01
8.588039,3.617296,32.79956,0.01
8.332842,3.601135,32.79956,0.01
8.333632,3.6071,32.79956,0.01
8.449582,3.682043,32.79956,0.01
8.543766,3.771916,32.79956,0.01
8.612455,3.815642,32.79956,0.01
8.659408,3.851629,32.79956,0.01
8.707891,3.866153,32.79956,0.01
8.712845,3.871021,32.79956,0.01
8.719627,3.8696,32.79956,0.01
8.737121,3.875085,32.79956,0.01
8.738131,3.867724,32.79956,0.01
8.735483,3.866179,32.79956,0.01
8.724526,3.871382,32.79956,0.01
8.697496,3.887372,32.79956,0.01
8.670624,3.88221,32.79956,0.01
8.663339,3.890256,32.79956,0.01
8.667038,3.881266,32.79956,0.01
8.685357,3.877204,32.79956,0.01
8.629543,3.860416,32.79956,0.01
1.485549,1.648305,32.79956,0.01
-1.773832,2.249758,32.79956,0.01
-2.326475,2.695845,32.79956,0.01
-2.402533,2.747154,32.79956,0.01
-2.447511,2.710491,32.79956,0.01
-2.459346,2.678167,32.79956,0.01
-2.460088,2.649574,32.79956,0.01
-2.479589,2.62972,32.79956,0.01
-3.322786,2.55498,32.79956,0.01
-4.276093,2.318835,32.79956,0.01
-4.613624,2.142514,32.79956,0.01
-4.738665,2.053607,32.79956,0.01
-4.767312,2.030146,32.79956,0.01
-4.761684,2.011203,32.79956,0.01
-4.794541,2.016174,32.79956,0.01
-4.8488,2.021549,32.79956,0.01
-4.887075,2.025073,32.79956,0.01
-4.903738,2.036606,32.79956,0.01
-5.68624,2.176989,32.79956,0.01
-6.51553,2.401263,32.79956,0.01
-6.792595,2.538699,32.79956,0.01
-6.901654,2.601092,32.79956,0.01
-6.929816,2.618925,32.79956,0.01
-6.99023,2.67479,32.79956,0.01
-7.023961,2.714352,32.79956,0.01
-7.054833,2.738842,32.79956,0.01
-7.067277,2.746887,32.79956,0.01
-7.162469,3.3692,32.79956,0.01
-7.113639,3.733728,32.79956,0.01
-7.123295,3.900431,32.79956,0.01
-7.191847,3.99157,32.79956,0.01
-7.257421,4.002451,32.79956,0.01
-7.351481,4.015469,32.79956,0.01
-7.391365,4.011236,32.79956,0.01
-7.444713,4.003874,32.79956,0.01
-7.49176,4.003842,32.79956,0.01
-7.507665,3.987432,32.79956,0.01
-7.494475,3.970001,32.79956,0.01
-7.458124,4.10465,32.79956,0.01
-6.87185,4.703267,32.79956,0.01
-6.591177,4.893285,32.79956,0.01
-6.461907,4.970002,32.79956,0.01
-6.386998,5.014706,32.79956,0.01
-6.356391,5.029645,32.79956,0.01
-6.307979,5.056218,32.79956,0.01
-5.787701,5.068774,32.79956,0.01
-2.346788,5.039612,32.79956,0.01
-1.402146,5.17263,32.79956,0.01
-1.259752,5.33003,32.79956,0.01
-1.289823,5.353827,32.79956,0.01
-1.329157,5.379075,32.79956,0.01
-1.317965,5.381057,32.79956,0.01
-1.287931,5.370447,32.79956,0.01
-1.272519,5.39342,32.79956,0.01
-1.254276,5.386837,32.79956,0.01
-1.253484,5.357931,32.79956,0.01
-1.255517,5.345587,32.79956,0.01
-1.281953,5.312079,32.79956,0.01
-1.316234,5.28922,32.79956,0.01
-1.288317,5.300724,32.79956,0.01
-0.7945521,5.175954,32.79956,0.01
-0.5547963,5.083822,32.79956,0.01
-0.3939078,5.018642,32.79956,0.01
-0.3275172,4.975487,32.79956,0.01
-0.2665145,4.915371,32.79956,0.01
-0.2290692,4.883004,32.79956,0.01
-0.1923835,4.861101,32.79956,0.01
-0.1795007,4.833697,32.79956,0.01
-0.1498958,4.825942,32.79956,0.01
-0.1272115,4.828313,32.79956,0.01
-0.1002975,4.82687,32.79956,0.01
0.143871,4.812041,32.79956,0.01
0.3807692,4.794513,32.79956,0.01
0.5527512,4.757581,32.79956,0.01
0.6070684,4.737617,32.79956,0.01
0.6090602,4.746326,32.79956,0.01
0.620454,4.739501,32.79956,0.01
0.6320363,4.756055,32.79956,0.01
0.644326,4.775972,32.79956,0.01
0.6502686,4.789623,32.79956,0.01
0.6675032,4.787543,32.79956,0.01
0.7344338,4.79121,32.79956,0.01
0.7653391,4.789864,32.79956,0.01
0.8095979,4.772925,32.79956,0.01
0.8283418,4.778031,32.79956,0.01
0.8481739,4.769482,32.79956,0.01
0.8600933,4.753491,32.79956,0.01
0.8653377,4.737087,32.79956,0.01
0.8650018,4.74533,32.79956,0.01
0.8653657,4.70774,32.79956,0.01
0.8560776,4.701622,32.79956,0.01
0.8577694,4.715405,32.79956,0.01
0.8332942,4.597485,32.79956,0.01
0.6891149,2.286883,32.79956,0.01
0.5781075,-1.40871,32.79956,0.01
-0.1004709,-3.662703,32.79956,0.01
0.1745527,-2.005055,32.79956,0.01
-0.05110453,-2.945587,32.79956,0.01
-0.1966042,-2.989126,32.79956,0.01
-0.2179899,-3.172579,32.79956,0.01
-0.2478268,-3.188143,32.79956,0.01
-0.2542561,-3.178396,32.79956,0.01
-0.2120677,-3.18222,32.79956,0.01
-0.5553499,-2.342516,32.79956,0.01
-1.245913,-1.089418,32.79956,0.01
-1.830308,-0.6151532,32.79956,0.01
-2.238641,-0.2823061,32.79956,0.01
-2.556808,0.01568407,32.79956,0.01
-2.644604,0.1620015,32.79956,0.01
-3.17508,0.1922404,32.79956,0.01
-3.308753,0.0493331,32.79956,0.01
-3.402578,-0.2659443,32.79956,0.01
-3.425074,-0.3989925,32.79956,0.01
-3.449234,-0.4640832,32.79956,0.01
-3.459374,-0.466404,32.79956,0.01
-3.538993,-0.4495701,32.79956,0.01
-3.950162,-0.3168123,32.79956,0.01
-4.101637,-0.2286354,32.79956,0.01
-4.198073,-0.1665345,32.79956,0.01
-4.271604,-0.1168353,32.79956,0.01
-4.311325,-0.07768631,32.79956,0.01
-4.334208,-0.04207039,32.79956,0.01
-4.338424,-0.01123792,32.79956,0.01
-4.34377,0.02046078,32.79956,0.01
-4.335548,0.02330035,32.79956,0.01
-3.632394,-0.3400688,32.79956,0.01
-3.039174,-0.7453354,32.79956,0.01
-2.798511,-0.9871125,32.79956,0.01
-2.742798,-1.078527,32.79956,0.01
-2.710983,-1.110106,32.79956,0.01
-2.709315,-1.143459,32.79956,0.01
-2.701978,-1.169826,32.79956,0.01
-2.694951,-1.181044,32.79956,0.01
-2.712307,-1.188774,32.79956,0.01
-2.717029,-1.190438,32.79956,0.01
-2.717209,-1.177061,32.79956,0.01
-2.567701,-1.20256,32.79956,0.01
-2.279513,-2.159782,32.79956,0.01
-1.704318,-2.360451,32.79956,0.01
-1.629406,-0.4959669,32.79956,0.01
-1.572271,-0.2967143,32.79956,0.01
-1.536661,-0.3145254,32.79956,0.01
-1.555946,-0.3315262,32.79956,0.01
-1.614389,-0.3357163,32.79956,0.01
-1.66237,-0.2971922,32.79956,0.01
-1.704375,-0.2168279,32.79956,0.01
-1.749693,-0.2172979,32.79956,0.01
-1.794866,-0.2202814,32.79956,0.01
-1.21426,0.1741835,32.79956,0.01
0.2450629,1.179637,32.79956,0.01
0.5217032,1.118936,32.79956,0.01
0.6061407,1.098509,32.79956,0.01
0.6890401,1.266364,32.79956,0.01
0.6796947,1.295299,32.79956,0.01
0.7784936,1.318958,32.79956,0.01
0.9185172,1.417837,32.79956,0.01
1.105612,1.570486,32.79956,0.01
1.314123,1.642556,32.79956,0.01
1.49162,1.513362,32.79956,0.01
1.539554,0.9820272,32.79956,0.01
-0.4996576,-3.964228,32.79956,0.01
1.325316,-0.9567453,32.79956,0.01
2.476853,-0.4549711,32.79956,0.01
2.636058,-0.08969057,32.79956,0.01
2.858459,0.03889602,32.79956,0.01
2.824466,0.4837488,32.79956,0.01
2.769299,0.6557994,32.79956,0.01
2.678123,0.8158372,32.79956,0.01
2.700497,0.8847007,32.79956,0.01
2.761184,0.9686379,32.79956,0.01
2.719098,1.047247,32.79956,0.01
2.902296,1.623062,32.79956,0.01
3.072284,1.991748,32.79956,0.01
3.06314,2.231766,32.79956,0.01
2.946453,2.436432,32.79956,0.01
2.796492,2.510643,32.79956,0.01
2.704895,2.555997,32.79956,0.01
2.714532,2.596696,32.79956,0.01
2.842215,2.614814,32.79956,0.01
3.151299,2.590148,32.79956,0.01
3.376679,2.476491,32.79956,0.01
3.379738,2.332155,32.79956,0.01
3.486192,2.206844,32.79956,0.01
3.451872,2.259003,32.79956,0.01
3.400861,2.417085,32.79956,0.01
3.421662,2.347577,32.79956,0.01
3.276602,2.349496,32.79956,0.01
3.222574,2.296041,32.79956,0.01
3.224112,2.188914,32.79956,0.01
3.267265,2.144036,32.79956,0.01
3.320038,2.069741,32.79956,0.01
3.316596,2.060364,32.79956,0.01
3.472955,2.046744,32.79956,0.01
3.469142,2.060871,32.79956,0.01
3.408347,2.135385,32.79956,0.01
3.442997,2.15386,32.79956,0.01
3.430655,2.182235,32.79956,0.01
3.424249,2.181926,32.79956,0.01
3.460243,2.303824,32.79956,0.01
3.449765,2.192769,32.79956,0.01
3.398863,2.231251,32.79956,0.01
3.333763,2.265257,32.79956,0.01
3.223274,2.267075,32.79956,0.01
3.28613,2.426873,32.79956,0.01
3.226427,2.30752,32.79956,0.01
3.1615,2.311524,32.79956,0.01
3.089285,2.324883,32.79956,0.01
2.37694,2.027033,32.79956,0.01
1.042946,-1.786711,32.79956,0.01
0.03926793,-3.256303,32.79956,0.01
-0.8412182,-2.292353,32.79956,0.01
-0.5908539,-0.256116,32.79956,0.01
-0.7485374,0.208551,32.79956,0.01
-0.6379084,-0.1470121,32.79956,0.01
-0.6600012,-0.1793991,32.79956,0.01
-0.6310734,-0.3499364,32.79956,0.01
-0.6151206,-0.4050633,32.79956,0.01
-0.5416176,-0.4159521,32.79956,0.01
-0.50766,-0.3803034,32.79956,0.01
-0.4903691,-0.3288106,32.79956,0.01
-0.5349391,-0.276984,32.79956,0.01
-0.630302,-0.2926559,32.79956,0.01
-0.7290984,-0.2961484,32.79956,0.01
-0.8039534,-0.3168626,32.79956,0.01
-0.8007304,-0.32216,32.79956,0.01
-0.7238923,-0.3606994,32.79956,0.01
-0.6674416,-0.4002063,32.79956,0.01
-0.6499193,-0.4333145,32.79956,0.01
-0.6260471,-0.4502714,32.79956,0.01
-0.6323245,-0.4353325,32.79956,0.01
-0.6384693,-0.4529011,32.79956,0.01
-0.6310947,-0.4600097,32.79956,0.01
-0.6154357,-0.4528765,32.79956,0.01
-0.6139904,-0.442072,32.79956,0.01
-0.6147446,-0.4085017,32.79956,0.01
-0.6246712,-0.3641505,32.79956,0.01
-0.6078612,-0.3183006,32.79956,0.01
-0.5580931,-0.265968,32.79956,0.01
-0.5092248,-0.15421,32.79956,0.01
-0.5494991,-0.2189513,32.79956,0.01
-0.5104151,-0.980973,32.79956,0.01
-0.5863546,-3.729804,32.79956,0.01
